In,Index,Organization Id,Name,Website,Country,Description,Founded,Industry,Number of employees
1,1,888,249,386,135,186,1980,29,6852
2,2,919,732,242,194,121,1970,83,7994
3,3,883,438,416,233,138,2005,22,5105
4,4,337,641,873,231,867,2015,97,9069
5,5,616,285,408,170,747,2010,13,6991
6,6,212,59,853,80,346,2003,42,3503
7,7,996,32,535,48,262,1994,75,2762
8,8,270,834,0,107,1,1987,50,7020
9,9,64,744,733,107,664,1977,43,2709
10,10,615,95,758,27,534,1990,101,5731
11,11,960,877,320,7,235,2019,132,2252
12,12,290,360,608,143,592,2019,3,6165
13,13,824,707,100,70,932,1990,116,730
14,14,553,10,439,44,972,1972,70,9890
15,15,404,394,296,87,773,1997,128,8497
16,16,279,769,304,126,124,2012,102,5205
17,17,437,409,82,61,665,2014,21,6706
18,18,503,199,744,15,993,1994,2,117
19,19,694,534,596,106,719,1973,103,6765
20,20,373,659,891,163,21,1988,1,5926
21,21,167,631,459,179,480,1972,14,5687
22,22,631,781,903,206,824,1978,134,9277
23,23,734,916,765,42,589,2005,16,8299
24,24,462,824,936,52,630,2011,136,7245
25,25,446,485,199,87,550,2013,88,7464
26,26,573,112,432,32,372,1988,61,2788
27,27,299,326,39,104,894,1980,69,3738
28,28,738,540,514,40,119,2016,38,8641
29,29,139,539,965,48,26,2016,98,2952
30,30,534,689,252,15,283,1972,90,1075
31,31,663,632,126,214,743,1972,145,2548
32,32,906,51,670,185,694,2002,144,95
33,33,757,787,762,18,815,2019,143,8106
34,34,429,162,183,214,565,1977,122,2938
35,35,202,120,925,171,908,1972,139,9056
36,36,677,633,648,216,176,1999,44,8937
37,37,179,783,646,20,515,1983,61,3985
38,38,752,363,121,177,720,1997,20,7675
39,39,643,407,254,29,594,1975,144,9145
40,40,92,883,455,205,348,2004,53,1175
41,41,807,322,329,105,505,2015,8,6202
42,42,288,151,824,231,825,1996,34,7426
43,43,628,733,179,33,602,1976,61,2861
44,44,346,675,685,125,146,2011,99,2726
45,45,648,150,16,234,64,1997,127,4595
46,46,239,132,601,199,79,1988,94,4171
47,47,10,803,267,24,294,2010,52,406
48,48,12,301,29,47,676,2003,133,746
49,49,572,191,560,201,687,2020,49,8287
50,50,712,173,597,43,737,1986,32,4604
51,51,511,135,820,78,841,1995,129,8952
52,52,427,909,458,30,369,2014,54,440
53,53,918,519,714,38,513,1986,36,5359
54,54,433,562,719,91,314,2004,8,7982
55,55,411,218,10,207,962,1977,123,1693
56,56,517,271,772,88,347,1982,27,5784
57,57,447,929,918,10,939,2016,59,7775
58,58,855,703,366,162,95,1988,32,6151
59,59,505,179,302,69,727,2020,116,9151
60,60,952,335,736,13,541,2004,10,58
61,61,465,789,658,205,30,2014,121,9676
62,62,93,970,445,215,547,2000,90,9431
63,63,129,548,774,30,818,2020,58,4941
64,64,762,713,238,73,920,2006,1,142
65,65,460,868,966,237,785,2008,133,1729
66,66,308,811,210,146,751,1977,119,1891
67,67,831,217,209,122,71,2018,105,8263
68,68,481,90,700,11,296,1994,45,3296
69,69,229,288,600,61,504,2018,80,4660
70,70,943,99,816,43,918,1986,125,8802
71,71,263,541,848,77,107,1970,20,5800
72,72,941,768,785,39,913,1978,116,7610
73,73,275,62,88,102,29,1998,121,4963
74,74,839,870,200,159,189,1997,51,8904
75,75,634,794,623,143,799,1970,93,5683
76,76,856,321,306,90,912,1996,30,5416
77,77,979,420,208,21,953,1993,98,4929
78,78,354,462,977,143,256,2003,84,2658
79,79,681,121,217,233,97,1984,46,816
80,80,625,425,975,234,933,1970,13,4989
81,81,974,278,628,12,809,2002,133,3232
82,82,745,756,403,32,285,1975,29,6016
83,83,932,929,65,113,642,1989,67,381
84,84,130,670,476,65,217,1971,106,4759
85,85,253,897,860,41,379,2009,55,3925
86,86,622,12,143,158,610,1997,78,2011
87,87,182,575,602,237,645,2003,137,7902
88,88,722,798,759,37,833,2013,55,9074
89,89,958,16,902,73,734,2002,121,5158
90,90,509,808,374,120,514,2000,11,9014
91,91,13,75,813,131,766,1998,101,2330
92,92,799,116,654,237,990,2002,32,4087
93,93,382,932,89,107,538,1989,2,5338
94,94,155,678,413,197,483,2006,132,7978
95,95,498,525,283,10,66,1997,19,2806
96,96,811,739,939,183,381,2016,80,2240
97,97,34,681,769,137,206,2016,30,9497
98,98,300,196,324,149,88,1984,21,4291
99,99,383,674,492,47,400,1995,10,7429
100,100,110,788,557,202,213,1997,46,4897
101,101,14,564,846,181,611,1993,72,3468
102,102,868,949,15,14,154,2011,96,3415
103,103,754,559,940,69,951,1988,104,8471
104,104,999,958,378,123,377,1987,88,6746
105,105,360,748,811,232,465,2015,85,6321
106,106,785,447,802,166,405,2016,130,1027
107,107,846,869,30,63,406,2018,84,9569
108,108,80,260,480,8,68,2001,64,8887
109,109,448,186,776,232,350,1975,65,5303
110,110,372,520,611,167,907,1982,113,6397
111,111,19,616,577,213,537,2009,94,1839
112,112,1,330,212,3,788,1972,113,2059
113,113,196,639,111,163,952,2014,119,1126
114,114,469,692,804,217,658,2013,80,3806
115,115,667,479,534,23,845,1998,103,7209
116,116,33,598,945,41,650,2000,104,4998
117,117,131,333,45,55,200,1971,66,5726
118,118,90,850,810,49,103,2009,32,7152
119,119,461,976,533,134,268,1976,89,1202
120,120,912,978,438,136,984,2010,37,8486
121,121,345,47,385,34,616,2019,21,8656
122,122,316,0,20,135,847,1985,39,9665
123,123,699,499,157,14,625,2021,31,3536
124,124,653,231,313,131,85,1987,69,9240
125,125,902,261,675,167,236,1987,72,1107
126,126,216,567,368,207,738,2017,94,7082
127,127,791,389,326,163,230,2012,9,5608
128,128,228,412,232,153,27,1987,40,7917
129,129,664,215,615,32,365,2020,115,4256
130,130,730,855,147,38,603,1975,67,2319
131,131,401,411,784,86,524,1982,94,20
132,132,190,746,108,79,941,1973,1,5644
133,133,848,262,66,172,114,1970,39,8970
134,134,828,863,522,35,503,2007,44,2441
135,135,111,353,462,135,577,1977,33,9237
136,136,770,426,417,226,401,2019,48,8578
137,137,970,953,406,121,598,1984,14,4206
138,138,123,572,711,43,410,2015,23,7755
139,139,252,435,75,140,252,1989,102,2674
140,140,321,896,182,190,921,1971,12,9615
141,141,652,891,954,232,12,2006,80,3329
142,142,727,654,400,47,755,1997,144,8518
143,143,693,113,410,87,792,1981,138,6826
144,144,449,345,735,160,339,1973,19,9915
145,145,146,845,852,150,950,1978,103,5942
146,146,866,352,877,57,904,2017,92,723
147,147,158,728,202,117,802,2007,103,1431
148,148,610,77,405,127,997,2000,98,8706
149,149,31,206,886,171,763,1997,64,2878
150,150,218,825,387,37,567,1990,101,1228
151,151,656,588,447,86,208,2008,123,2928
152,152,458,257,427,177,575,1974,78,3308
153,153,860,405,131,64,587,2008,20,4343
154,154,224,581,363,74,806,1998,2,7808
155,155,143,924,489,123,104,1983,137,953
156,156,794,439,375,49,210,1989,95,4281
157,157,798,686,47,117,142,2016,28,3528
158,158,812,546,91,20,545,1993,5,7067
159,159,844,532,552,160,328,2001,121,4375
160,160,352,611,367,69,696,2017,143,3778
161,161,425,161,259,155,150,2018,39,2775
162,162,246,443,255,182,376,2001,112,3541
163,163,585,474,250,16,756,2006,38,2760
164,164,981,184,389,127,253,1993,117,765
165,165,328,627,470,46,209,2016,122,4505
166,166,606,777,974,33,804,2011,25,8128
167,167,617,269,84,65,455,1998,41,4556
168,168,168,104,235,57,136,1982,122,5077
169,169,777,959,312,105,632,2009,15,6947
170,170,729,181,956,30,850,2011,78,1282
171,171,62,531,85,61,721,2006,55,3599
172,172,50,930,754,103,760,2020,9,3215
173,173,428,596,586,2,612,1976,136,9625
174,174,923,884,449,128,127,1995,36,7344
175,175,159,773,655,108,613,2013,50,9329
176,176,23,842,712,88,80,2021,106,2304
177,177,390,399,8,55,442,1970,46,1124
178,178,530,229,162,113,688,2004,121,6962
179,179,956,223,746,185,286,1973,81,5176
180,180,892,975,716,184,221,1984,106,1339
181,181,128,566,724,25,947,1975,34,5371
182,182,103,526,330,80,762,2013,60,8746
183,183,336,246,340,0,648,1979,142,9652
184,184,240,433,890,114,222,1994,7,6847
185,185,496,612,192,170,902,1980,109,3233
186,186,147,428,878,138,748,1995,87,3836
187,187,514,404,414,134,397,1971,1,876
188,188,125,778,967,73,777,2021,47,7306
189,189,751,770,520,209,976,1989,51,9666
190,190,132,552,407,157,774,1993,94,1359
191,191,396,879,636,126,234,1989,108,687
192,192,933,61,53,45,198,1986,80,6891
193,193,822,396,261,34,709,1973,45,9909
194,194,538,799,270,22,447,2014,91,3493
195,195,98,388,949,73,472,1974,90,6594
196,196,876,621,237,104,367,1980,115,8328
197,197,145,222,236,56,983,1999,117,4441
198,198,264,366,803,128,655,2013,88,6334
199,199,768,622,687,87,45,1986,66,9256
200,200,519,747,127,227,600,1984,73,9432
201,201,629,533,223,198,446,1975,138,1512
202,202,884,39,264,206,692,1985,133,3975
203,203,274,310,260,89,954,1988,21,3837
204,204,715,700,836,92,873,1978,137,2354
205,205,823,636,92,3,212,1998,32,4256
206,206,687,29,122,96,706,1970,85,1371
207,207,611,637,246,42,553,1982,117,5969
208,208,508,603,474,164,601,1986,37,2008
209,209,780,765,887,11,11,1988,106,597
210,210,581,289,12,66,143,1976,19,1555
211,211,268,752,642,110,618,1973,1,2164
212,212,795,907,328,204,429,1970,36,9170
213,213,47,85,376,86,546,1980,89,2179
214,214,809,87,99,21,351,2004,55,3410
215,215,251,227,332,76,914,2003,80,9709
216,216,466,340,211,178,463,2008,48,9616
217,217,217,379,508,45,5,2011,131,9434
218,218,708,791,947,71,244,2018,74,5253
219,219,387,568,145,16,712,1988,140,5975
220,220,889,470,174,93,246,1994,26,4965
221,221,695,384,519,149,336,1984,41,5331
222,222,177,757,292,93,473,2016,5,1346
223,223,598,911,907,73,81,1973,114,6921
224,224,164,660,831,10,197,1994,18,1257
225,225,234,871,562,173,115,2016,42,2495
226,226,95,323,150,132,37,1973,25,3699
227,227,261,495,899,235,973,1971,129,7898
228,228,940,234,788,2,338,1977,63,6443
229,229,444,933,509,71,301,2013,142,4691
230,230,73,545,257,100,680,2014,122,3052
231,231,584,737,585,60,495,1975,3,1623
232,232,431,968,396,69,499,1976,7,3101
233,233,361,806,263,194,606,2021,15,4288
234,234,15,126,734,57,41,1973,134,3615
235,235,520,311,697,195,502,1997,110,3480
236,236,441,951,109,43,744,2007,72,6607
237,237,600,337,189,66,54,1986,111,3652
238,238,586,500,239,57,389,2021,100,8534
239,239,426,629,676,177,87,2011,72,2050
240,240,397,434,434,175,885,1983,127,8145
241,241,307,293,61,228,385,2014,110,1055
242,242,564,476,822,102,677,2011,138,2759
243,243,878,705,727,147,985,1999,45,695
244,244,66,565,364,102,474,1970,48,3095
245,245,583,650,110,154,704,1974,40,5247
246,246,654,812,678,88,172,2003,124,795
247,247,192,91,307,18,25,2015,28,5436
248,248,283,485,595,70,163,1985,22,6819
249,249,203,759,403,121,443,1993,54,6001
250,250,633,300,460,194,73,1981,133,6429
251,251,574,609,135,218,324,1995,127,4502
252,252,784,751,679,26,876,2019,35,3362
253,253,172,109,888,166,903,1997,42,3886
254,254,91,493,227,129,892,1987,71,8587
255,255,867,862,926,150,529,1992,146,8323
256,256,790,649,777,195,342,1971,36,1993
257,257,156,804,844,18,489,1992,1,2553
258,258,736,482,343,107,2,1976,15,9686
259,259,104,940,919,151,859,1982,13,1982
260,260,353,312,31,95,33,2009,0,2996
261,261,961,822,747,88,729,1995,97,2781
262,262,975,448,584,101,424,1994,113,5840
263,263,569,241,485,186,627,2004,100,346
264,264,479,92,471,187,698,2014,36,6495
265,265,326,369,204,153,281,1977,38,8318
266,266,668,922,839,215,359,1997,107,48
267,267,317,910,415,164,160,1993,125,4118
268,268,423,263,546,66,520,2010,92,2413
269,269,108,344,361,201,778,1985,81,2609
270,270,238,34,874,182,469,2009,114,4031
271,271,377,828,662,100,175,1983,81,7118
272,272,612,237,344,15,225,2017,97,4156
273,273,223,667,86,83,521,2014,17,3752
274,274,826,142,240,151,118,2019,101,561
275,275,870,174,900,82,76,2002,139,2913
276,276,276,55,973,203,133,1993,32,3118
277,277,432,351,616,88,362,2012,22,5680
278,278,244,589,216,208,516,1994,47,9505
279,279,162,553,688,82,34,2005,46,8338
280,280,872,619,440,134,795,2005,82,3070
281,281,850,442,275,114,596,1987,49,3160
282,282,618,965,696,139,237,2001,134,8461
283,283,847,497,395,215,392,1993,3,5184
284,284,772,677,373,15,178,1988,136,6796
285,285,644,42,674,226,994,2019,79,1971
286,286,327,188,684,33,491,2005,126,7007
287,287,286,481,87,16,808,1975,69,7020
288,288,781,294,833,105,783,2013,68,6143
289,289,861,679,958,106,821,2003,38,1310
290,290,277,477,298,151,860,1994,16,1790
291,291,531,41,669,1,274,2008,64,728
292,292,339,2,587,8,343,1981,57,7348
293,293,135,419,743,6,427,1976,55,4941
294,294,556,272,27,101,586,1984,50,1416
295,295,683,754,331,182,800,1985,43,3511
296,296,546,101,748,12,310,2015,88,2401
297,297,931,445,644,101,644,2013,30,7607
298,298,778,918,955,168,77,2005,42,9013
299,299,842,192,148,200,798,1971,131,4110
300,300,984,253,32,17,14,2014,66,5197
301,301,986,613,649,123,512,2007,103,8889
302,302,706,642,1,79,78,2011,30,7014
303,303,40,582,757,48,554,2011,112,7776
304,304,510,386,95,211,585,2003,37,7919
305,305,482,966,914,89,717,2006,36,6998
306,306,529,614,495,214,364,2006,93,4131
307,307,44,416,170,64,110,2017,145,3313
308,308,420,860,184,22,877,1975,80,6603
309,309,267,724,73,143,448,1991,45,2668
310,310,46,114,827,141,661,2010,128,7597
311,311,435,718,849,145,167,1991,108,4437
312,312,418,829,404,109,716,2015,118,6357
313,313,577,615,33,138,895,1989,97,3209
314,314,430,274,291,126,570,2020,69,2613
315,315,936,569,978,158,938,1978,41,5260
316,316,748,760,178,151,970,2011,100,5972
317,317,987,739,360,124,715,2016,104,3182
318,318,344,292,141,42,0,1972,25,4484
319,319,16,720,542,92,769,2010,51,1681
320,320,312,628,885,48,695,1999,24,6702
321,321,692,837,48,154,960,1979,116,1185
322,322,821,669,11,190,148,1998,4,6162
323,323,607,154,276,45,170,2013,53,7498
324,324,755,816,430,231,165,1988,67,3610
325,325,232,255,116,79,901,1993,98,8480
326,326,148,729,768,5,265,2004,65,8506
327,327,205,915,789,203,927,1978,4,28
328,328,492,494,308,107,621,2014,97,8217
329,329,555,212,739,58,144,2013,10,7455
330,330,311,984,547,132,264,1976,51,1831
331,331,416,969,503,50,765,1976,36,4320
332,332,971,835,935,87,881,1987,16,7806
333,333,896,838,723,5,341,1980,51,6676
334,334,99,194,226,215,742,1981,136,4680
335,335,771,745,424,59,510,2020,57,4704
336,336,379,189,814,170,781,2016,127,3242
337,337,200,876,856,77,439,2012,92,2235
338,338,686,349,567,202,999,1977,28,7050
339,339,338,283,866,47,316,2021,102,6532
340,340,61,256,906,211,552,1979,3,5786
341,341,988,209,333,189,485,1976,118,2874
342,342,369,343,537,163,413,2016,23,2080
343,343,45,408,797,8,335,1993,32,1545
344,344,908,63,273,217,102,2019,60,1
345,345,68,663,297,207,981,1970,6,3702
346,346,690,108,911,72,842,2002,31,5890
347,347,254,50,175,98,943,1990,66,8323
348,348,219,766,181,154,164,2021,61,9089
349,349,391,361,526,93,17,2009,144,2198
350,350,737,143,650,60,942,2010,33,2828
351,351,670,100,760,72,697,1995,45,5799
352,352,819,795,155,31,56,2015,139,1859
353,353,388,530,365,201,945,1987,61,1904
354,354,298,1,437,77,916,1987,14,2895
355,355,490,380,851,154,619,1988,102,8674
356,356,843,690,705,36,963,1997,111,5943
357,357,412,982,90,111,558,1991,45,8318
358,358,545,252,544,208,242,2013,64,4736
359,359,746,124,194,148,311,1978,80,4953
360,360,384,415,281,190,966,1983,101,3026
361,361,476,313,695,234,414,2019,72,7903
362,362,775,273,610,8,525,2013,16,4243
363,363,660,397,477,126,528,2010,98,2836
364,364,183,24,153,112,195,1978,9,2190
365,365,220,676,290,200,232,2003,36,5594
366,366,909,480,44,188,300,2000,73,7702
367,367,922,329,96,96,28,2009,63,8887
368,368,719,195,305,150,816,2014,82,3313
369,369,18,671,867,17,302,1982,21,1419
370,370,879,473,7,33,458,2020,35,871
371,371,301,704,161,76,201,2009,29,934
372,372,576,43,702,189,614,1979,9,7664
373,373,732,741,598,25,501,1979,1,6956
374,374,682,767,342,76,899,1999,121,5701
375,375,204,771,879,37,580,1973,122,2185
376,376,409,892,282,219,593,2019,125,3482
377,377,405,26,78,103,959,2012,91,8491
378,378,789,207,93,19,728,1986,145,4233
379,379,714,786,944,30,968,2005,0,1786
380,380,54,696,753,170,370,1976,65,5799
381,381,366,33,3,140,279,2020,37,9286
382,382,825,136,123,165,673,1985,66,6993
383,383,761,590,144,128,180,1974,55,168
384,384,934,281,218,158,571,1981,66,2170
385,385,858,277,24,234,117,1997,66,8627
386,386,713,885,262,203,662,1981,144,4679
387,387,992,177,468,53,38,2007,65,7262
388,388,735,403,823,61,517,1976,29,1018
389,389,189,934,456,14,591,1975,135,3327
390,390,925,661,80,56,745,2014,130,6864
391,391,486,920,515,111,832,1983,59,6436
392,392,333,606,103,82,32,2017,139,2468
393,393,637,576,740,173,349,1993,138,7096
394,394,635,67,72,131,775,1972,70,3123
395,395,817,320,220,118,917,1971,130,38
396,396,891,721,835,173,678,1986,133,3842
397,397,149,89,516,132,315,2004,119,3686
398,398,233,235,348,59,563,2006,20,485
399,399,613,98,603,186,398,1987,36,1243
400,400,138,510,553,125,214,1982,97,2856
401,401,733,857,309,26,7,2018,140,522
402,402,206,163,798,93,280,1998,0,8061
403,403,273,58,165,167,317,1992,34,4201
404,404,743,809,667,219,666,2010,8,1363
405,405,836,666,419,11,287,2016,38,451
406,406,539,682,504,161,162,1995,107,9288
407,407,318,726,43,55,497,2006,141,2983
408,408,22,841,433,88,108,1981,118,6405
409,409,320,802,2,217,111,1983,77,5199
410,410,705,258,913,134,797,1976,14,4559
411,411,355,912,868,235,440,1970,0,313
412,412,565,295,441,46,813,2009,130,2258
413,413,655,889,425,162,700,1987,32,2378
414,414,890,801,484,193,65,2021,146,4366
415,415,169,491,725,223,977,1973,7,9246
416,416,947,826,228,131,63,1988,137,9510
417,417,75,625,67,52,374,1972,62,4864
418,418,87,423,980,132,444,1976,122,9728
419,419,959,37,481,30,559,1992,57,1820
420,420,645,487,185,163,196,2004,64,123
421,421,463,331,680,129,122,1970,75,9212
422,422,767,106,701,185,599,1997,55,5592
423,423,980,129,818,18,478,2003,26,3274
424,424,136,643,274,6,919,2013,88,4414
425,425,580,921,345,232,657,1978,101,6353
426,426,592,851,465,97,784,1999,14,1133
427,427,542,893,707,83,238,1992,133,5599
428,428,358,213,904,159,290,1984,72,9633
429,429,380,193,349,199,378,1987,114,7563
430,430,962,287,377,200,858,2003,42,404
431,431,191,381,420,205,177,1976,133,9231
432,432,4,527,119,84,263,1977,52,779
433,433,815,49,144,173,456,2012,78,6366
434,434,951,948,390,227,153,1984,124,3590
435,435,11,971,76,170,772,1975,52,3238
436,436,249,469,316,176,925,2013,69,5042
437,437,262,542,379,58,361,2009,56,2131
438,438,646,148,571,35,266,2000,120,728
439,439,84,847,556,100,498,1981,117,8201
440,440,165,347,681,173,131,1992,104,4447
441,441,48,821,94,90,551,1972,27,1416
442,442,193,701,717,167,441,1979,12,751
443,443,417,266,962,177,722,1970,88,3786
444,444,349,903,172,163,937,1984,32,9719
445,445,723,586,469,214,112,1983,5,6078
446,446,258,73,555,229,640,1976,92,2363
447,447,513,391,421,209,957,1975,115,7663
448,448,127,852,927,40,459,2008,22,6839
449,449,499,463,575,202,982,2014,37,1137
450,450,306,210,682,207,827,1997,10,6903
451,451,673,561,357,184,292,1970,97,4337
452,452,470,275,764,218,325,1985,37,4988
453,453,862,156,353,195,101,2018,100,9271
454,454,786,685,604,197,638,2005,50,8788
455,455,721,796,205,139,708,1974,60,5201
456,456,885,881,70,134,299,1988,141,1587
457,457,739,467,929,30,100,2014,97,3744
458,458,854,488,362,93,884,1997,46,317
459,459,467,543,561,158,635,2021,91,4820
460,460,871,455,826,187,24,1988,66,866
461,461,566,203,420,7,82,1994,75,311
462,462,96,937,213,103,624,2004,50,3884
463,463,953,3,253,23,418,1982,12,9088
464,464,724,961,272,231,57,1997,0,7948
465,465,225,279,960,187,245,2015,114,1787
466,466,882,402,42,83,223,2010,65,4823
467,467,161,882,979,90,588,1989,114,8562
468,468,886,372,721,202,94,1990,133,4851
469,469,176,865,62,212,51,2002,133,1201
470,470,475,83,538,58,669,2008,87,2521
471,471,894,367,834,234,476,2010,64,622
472,472,946,684,951,90,278,1975,143,159
473,473,626,819,402,173,659,2014,19,3064
474,474,150,149,807,86,923,2009,123,4884
475,475,911,952,828,94,988,2015,43,3811
476,476,632,197,169,134,869,1994,115,5395
477,477,551,457,158,99,971,1983,118,5971
478,478,810,432,284,40,387,1991,51,3269
479,479,237,805,517,34,906,2005,16,1547
480,480,516,414,528,191,803,1984,97,8560
481,481,285,126,703,183,249,1984,80,4218
482,482,969,270,133,8,305,1974,0,2987
483,483,604,535,698,79,295,1984,6,674
484,484,853,866,800,138,544,2010,138,8501
485,485,468,528,683,135,72,1986,10,2814
486,486,500,858,125,186,425,2007,116,6307
487,487,485,472,653,98,42,2006,3,5763
488,488,459,461,112,230,940,1985,41,3416
489,489,171,849,971,96,539,1999,63,7672
490,490,543,131,778,174,190,2001,45,1009
491,491,424,722,123,72,93,1981,42,6537
492,492,907,848,591,171,622,1998,96,1021
493,493,595,110,52,154,16,1993,41,4209
494,494,948,40,341,193,956,1979,18,699
495,495,804,35,948,45,199,1992,139,7884
496,496,650,944,188,25,55,2019,119,1864
497,497,678,610,969,135,395,2006,103,7436
498,498,137,957,285,129,879,2001,133,648
499,499,662,358,599,189,752,1975,18,5650
500,500,684,190,501,72,96,1985,99,8958
501,501,944,950,219,184,155,2018,72,9088
502,502,679,658,507,166,826,1991,10,8600
503,503,913,860,559,153,557,1971,8,9950
504,504,532,325,767,197,830,2007,49,2660
505,505,689,518,632,226,857,1992,74,5982
506,506,764,393,139,33,179,2020,112,6977
507,507,942,168,380,138,182,1993,34,8848
508,508,471,214,582,128,582,2009,133,4990
509,509,413,840,694,60,518,1980,25,8303
510,510,818,13,356,206,679,1970,146,5029
511,511,863,927,129,34,460,2005,9,545
512,512,60,430,652,78,807,1971,79,5687
513,513,385,4,630,15,746,2016,75,3894
514,514,74,986,35,170,887,2020,66,9235
515,515,124,327,384,133,194,1983,4,2369
516,516,557,626,51,104,584,1973,119,3747
517,517,94,634,201,58,191,1997,90,5994
518,518,245,171,221,51,152,1983,25,4878
519,519,105,306,567,191,183,2001,142,7395
520,520,558,282,934,180,723,2009,114,4793
521,521,173,464,843,121,13,1970,73,4528
522,522,967,169,136,49,633,1991,42,9517
523,523,725,185,156,129,786,1988,53,6869
524,524,829,859,401,143,683,2018,1,6403
525,525,140,72,361,194,974,1998,91,7518
526,526,756,861,605,43,862,2013,26,4077
527,527,887,764,941,75,408,1997,26,6029
528,528,554,102,152,41,357,1994,116,6177
529,529,112,398,146,5,979,1988,28,92
530,530,832,111,876,33,572,2006,49,4176
531,531,291,683,280,219,352,2016,108,4261
532,532,950,702,351,157,731,1991,103,5245
533,533,362,960,620,234,83,1974,146,9716
534,534,507,656,699,51,787,1999,118,2730
535,535,484,529,491,87,19,1981,44,871
536,536,309,302,58,112,561,2015,6,4631
537,537,453,364,928,33,18,1973,23,2251
538,538,163,82,244,162,490,1996,28,7454
539,539,454,276,693,35,793,1991,72,2174
540,540,211,377,728,203,643,1995,123,9808
541,541,357,501,841,29,247,1987,111,859
542,542,210,370,627,158,260,2000,4,1351
543,543,658,618,861,8,464,2016,79,6016
544,544,665,717,57,175,402,2014,136,4354
545,545,525,139,113,133,193,1992,94,56
546,546,489,688,68,125,849,1984,128,9917
547,547,297,645,563,215,416,2011,95,4522
548,548,242,133,25,71,579,2020,87,8509
549,549,271,458,69,86,344,2009,94,5052
550,550,769,646,392,151,636,1971,20,6877
551,551,688,107,855,216,866,1976,80,2991
552,552,121,421,497,88,703,1990,121,8677
553,553,782,76,522,83,663,2015,88,7296
554,554,957,378,892,30,693,2011,95,6844
555,555,533,790,656,121,549,1988,131,1501
556,556,710,5,334,34,309,1975,55,8793
557,557,198,514,893,7,417,1972,56,1213
558,558,152,935,976,189,451,1998,44,1363
559,559,803,987,49,206,345,1970,120,1820
560,560,406,630,953,135,273,1987,7,3598
561,561,521,165,13,101,386,1996,0,9069
562,562,759,224,880,91,794,1984,110,9440
563,563,903,817,247,160,69,2004,138,9684
564,564,247,357,920,230,47,1998,59,434
565,565,963,319,938,84,204,1973,56,8840
566,566,657,182,256,232,332,1992,119,9151
567,567,608,710,472,125,863,1998,34,8166
568,568,506,233,321,44,844,2005,92,6336
569,569,450,708,71,211,651,2015,94,2624
570,570,528,30,137,8,407,1979,87,8644
571,571,295,11,645,99,187,2015,139,5962
572,572,319,429,229,0,340,2004,142,5406
573,573,207,524,319,119,805,2003,13,3113
574,574,731,38,118,219,649,1998,67,1951
575,575,314,755,10,201,730,1991,117,117
576,576,639,385,186,231,754,1981,61,8635
577,577,792,635,933,236,366,2020,87,8389
578,578,32,468,394,9,202,1972,69,956
579,579,49,486,493,230,531,1991,114,9540
580,580,494,761,177,65,961,1970,48,1312
581,581,248,853,149,50,568,2014,41,5674
582,582,293,725,26,172,911,2007,94,1915
583,583,535,483,117,139,388,1981,135,5842
584,584,82,657,55,19,770,1993,87,8897
585,585,651,452,115,217,35,2014,106,7188
586,586,76,983,335,51,466,1998,88,9941
587,587,57,743,531,31,74,2009,101,4109
588,588,707,652,104,37,946,1980,50,2616
589,589,335,547,741,234,749,1982,128,6715
590,590,536,905,539,173,922,1982,73,4738
591,591,726,478,783,115,220,2009,72,6285
592,592,133,417,950,192,109,1999,118,1053
593,593,5,450,737,152,560,1980,140,2586
594,594,63,579,641,15,271,2018,27,7679
595,595,491,797,461,55,835,2018,6,5547
596,596,27,895,224,112,710,1991,41,7671
597,597,672,913,308,228,846,1979,59,361
598,598,456,931,151,115,258,1982,143,6041
599,599,869,936,513,15,250,2015,30,5573
600,600,914,887,881,28,248,2008,22,2854
601,601,116,441,639,153,750,1996,85,4626
602,602,0,93,277,172,132,1981,34,7878
603,603,194,21,657,1,128,2014,110,6646
604,604,661,84,79,218,991,1987,83,6789
605,605,773,599,564,107,226,2008,108,1132
606,606,107,375,443,198,450,2006,89,989
607,607,157,97,140,44,4,1970,92,4815
608,608,109,574,708,9,334,1972,62,1999
609,609,487,779,692,134,22,1992,46,4155
610,610,134,334,271,218,304,2019,116,1888
611,611,419,502,819,170,58,1972,38,4544
612,612,989,145,619,109,604,1972,46,68
613,613,549,874,163,160,836,1983,88,818
614,614,997,647,37,118,137,1999,34,9578
615,615,938,560,659,121,203,1981,69,2273
616,616,231,597,894,152,486,1990,5,2178
617,617,982,594,840,6,399,2008,105,5425
618,618,766,734,230,199,390,2009,83,8838
619,619,213,776,448,161,955,2020,134,7529
620,620,495,242,643,41,50,1992,90,7286
621,621,602,238,964,188,3,2013,72,5315
622,622,174,964,457,102,944,2020,52,131
623,623,151,827,234,205,674,2016,59,6150
624,624,28,972,709,134,53,1993,94,7175
625,625,375,157,500,154,467,2013,51,5802
626,626,455,230,548,100,924,2016,128,505
627,627,674,856,6,109,284,1973,37,4606
628,628,985,354,787,95,269,1977,27,321
629,629,972,906,830,130,848,1973,134,1561
630,630,929,938,336,16,205,2005,69,6742
631,631,550,451,720,182,434,2006,116,904
632,632,619,204,838,94,475,1985,43,8830
633,633,381,155,124,225,629,1984,68,1020
634,634,81,758,231,120,958,2020,21,7429
635,635,620,974,847,199,978,1994,99,386
636,636,398,303,479,36,23,1996,50,2037
637,637,820,872,294,21,810,1986,91,1905
638,638,955,550,858,204,272,1988,107,4319
639,639,897,620,473,138,569,1989,129,2252
640,640,323,823,963,79,89,1997,145,4427
641,641,367,695,961,14,964,1999,120,5722
642,642,439,900,622,83,149,2002,20,3362
643,643,436,962,483,205,75,1999,55,9751
644,644,920,307,22,90,420,1983,139,3321
645,645,561,878,46,99,540,1974,81,3081
646,646,282,563,957,231,243,1979,121,1682
647,647,43,172,551,127,535,1980,63,36
648,648,55,554,640,186,615,2020,59,5082
649,649,6,731,908,91,699,2009,85,3822
650,650,472,336,898,192,322,2012,144,6030
651,651,642,672,28,7,184,1999,97,3250
652,652,636,832,14,228,10,1991,73,7637
653,653,250,977,952,90,578,1972,146,7720
654,654,347,296,502,83,555,2017,120,8935
655,655,880,291,863,197,652,2004,25,9343
656,656,9,141,755,135,701,1975,134,4331
657,657,215,243,207,162,9,2000,63,9307
658,658,265,607,862,102,639,2002,129,6596
659,659,567,839,142,104,259,2016,61,8193
660,660,342,180,718,11,436,1992,36,5685
661,661,522,750,781,103,303,2006,10,8738
662,662,813,309,930,105,371,1995,75,6330
663,663,671,512,256,128,241,1983,125,6733
664,664,415,894,97,98,151,1970,99,6953
665,665,827,973,613,57,482,1984,18,6843
666,666,226,440,829,96,275,2007,119,5422
667,667,599,267,418,187,125,1993,16,5411
668,668,562,244,215,187,519,1998,18,2999
669,669,153,314,766,87,718,2021,109,275
670,670,181,201,606,176,291,1981,145,5299
671,671,322,605,453,226,277,2003,24,8891
672,672,389,580,689,163,852,2007,91,9158
673,673,304,443,581,76,477,2007,32,5033
674,674,86,807,570,219,506,1988,7,3651
675,675,504,793,426,193,905,2017,77,4005
676,676,541,134,187,71,896,2000,69,2685
677,677,359,160,369,181,851,1999,3,1145
678,678,292,123,190,194,527,2021,100,2135
679,679,915,465,450,237,462,1971,112,6429
680,680,52,908,278,39,814,2018,32,6425
681,681,747,200,22,46,811,2012,129,1344
682,682,197,687,651,53,562,2019,133,5297
683,683,363,338,388,56,318,1987,111,4066
684,684,939,792,56,30,764,1996,47,404
685,685,100,298,106,46,331,2009,42,5835
686,686,77,854,422,98,492,2007,18,9419
687,687,281,484,946,140,711,2018,18,9503
688,688,916,595,34,175,581,2009,31,7638
689,689,527,228,132,58,428,1989,123,4900
690,690,329,264,638,201,126,1991,116,9661
691,691,414,205,691,133,393,2015,42,7936
692,692,814,947,889,160,897,1972,6,6176
693,693,796,735,266,120,207,1972,25,1852
694,694,701,600,523,208,820,2017,10,8537
695,695,67,251,618,205,484,1979,30,7241
696,696,865,843,842,89,319,1984,68,8940
697,697,590,662,704,228,893,1974,24,3195
698,698,434,248,722,151,227,1987,146,2567
699,699,544,376,350,229,391,2002,33,5866
700,700,71,698,634,150,637,1975,25,8073
701,701,910,604,672,219,43,2001,97,7383
702,702,302,175,959,95,969,1976,25,4619
703,703,400,886,912,234,496,1986,127,1818
704,704,760,125,251,94,853,2014,144,1878
705,705,154,587,518,220,39,1974,108,3389
706,706,720,374,77,24,261,2001,123,6932
707,707,711,328,885,83,890,1975,111,9188
708,708,20,236,625,137,530,1973,54,3619
709,709,716,198,871,68,736,1999,144,734
710,710,552,709,193,159,40,2000,133,5977
711,711,801,673,337,54,935,1996,145,2567
712,712,141,80,749,201,931,1993,73,8012
713,713,587,137,921,199,705,1999,133,4494
714,714,480,617,138,165,855,1998,129,5827
715,715,749,925,64,159,224,2006,103,5523
716,716,659,66,446,207,454,1973,83,4813
717,717,101,65,346,25,383,2000,32,511
718,718,788,239,752,35,771,2016,28,3930
719,719,563,873,372,198,452,2007,122,3192
720,720,41,784,790,0,380,1994,26,6412
721,721,187,167,578,88,289,2020,24,5429
722,722,114,280,203,188,354,2007,74,8162
723,723,806,749,286,180,59,2019,0,8973
724,724,122,183,287,55,780,2015,19,4490
725,725,515,736,322,82,493,1971,86,7071
726,726,881,914,288,183,670,2014,59,9686
727,727,120,880,195,221,656,1998,113,6499
728,728,241,691,730,218,120,2016,130,5711
729,729,571,901,268,222,60,2004,80,4978
730,730,255,697,490,11,995,2013,141,569
731,731,647,573,865,134,812,1996,102,9178
732,732,857,549,795,199,886,1995,25,7171
733,733,230,359,870,51,556,1985,8,8841
734,734,243,536,397,222,767,1998,137,1151
735,735,968,782,738,22,15,1995,71,3427
736,736,364,225,505,93,713,2018,39,5067
737,737,421,584,745,235,875,1990,81,6515
738,738,983,680,869,138,888,2021,130,3921
739,739,875,537,633,209,926,2013,87,7150
740,740,601,36,574,209,254,2005,114,305
741,741,638,506,922,102,915,1989,1,3691
742,742,709,939,665,71,288,1976,85,9719
743,743,58,406,442,124,44,1998,83,3289
744,744,589,304,409,86,106,2004,5,6346
745,745,445,844,358,94,438,1990,61,7349
746,746,976,831,629,232,215,1982,32,1912
747,747,208,18,565,22,171,1994,45,4635
748,748,408,742,859,187,605,1994,57,1808
749,749,2,308,347,140,675,1998,143,8228
750,750,170,444,909,159,768,1994,78,2090
751,751,29,555,525,46,358,1989,145,7901
752,752,578,119,279,92,297,1981,137,6978
753,753,378,772,931,62,509,2010,126,1377
754,754,69,127,793,67,790,1995,114,3958
755,755,837,644,588,214,511,1972,62,9501
756,756,649,355,21,28,130,1999,72,2431
757,757,728,8,510,91,257,1985,93,9283
758,758,410,140,775,120,930,1981,143,5050
759,759,8,592,233,60,691,1981,144,802
760,760,930,44,383,4,856,2018,58,8249
761,761,477,373,794,2,368,1971,115,8500
762,762,900,979,883,215,507,1997,113,7613
763,763,442,305,59,223,157,1982,51,8710
764,764,924,515,536,159,298,2006,35,4491
765,765,523,963,621,204,838,1979,108,3136
766,766,740,78,805,164,526,1988,43,8184
767,767,904,941,901,121,732,1993,108,4804
768,768,78,146,196,181,758,1990,85,8213
769,769,537,818,128,28,681,2003,37,4475
770,770,272,489,799,35,839,1992,56,8712
771,771,582,577,315,199,634,2019,24,1888
772,772,451,88,779,62,48,2007,128,2913
773,773,593,490,370,171,671,2011,28,7205
774,774,977,265,612,5,239,1986,29,8575
775,775,184,785,475,13,776,2009,87,7370
776,776,483,226,381,140,98,2006,146,3098
777,777,102,665,107,174,880,2005,98,4260
778,778,399,875,593,171,992,1987,110,481
779,779,630,507,761,65,62,1986,125,4470
780,780,356,836,289,132,403,1985,108,8107
781,781,79,413,130,198,878,1971,51,3254
782,782,774,70,780,192,822,1997,93,6412
783,783,160,521,293,179,548,2009,79,5959
784,784,603,738,801,69,653,1990,129,6403
785,785,185,583,301,89,461,1994,36,2587
786,786,518,202,154,4,355,2013,113,4587
787,787,166,523,786,38,819,2012,11,604
788,788,478,339,937,97,909,1976,23,3378
789,789,621,571,243,160,910,2006,145,8056
790,790,199,578,710,163,900,1992,124,2491
791,791,935,159,704,161,432,2019,59,5563
792,792,793,898,579,87,494,1990,136,7825
793,793,898,365,572,88,181,2007,108,7161
794,794,594,27,660,7,607,1976,5,4531
795,795,717,341,74,167,233,2002,51,2443
796,796,893,56,614,187,411,2014,73,6662
797,797,547,401,916,157,61,1986,57,2835
798,798,464,623,494,171,726,1991,63,648
799,799,874,544,338,135,789,2005,130,1066
800,800,605,585,478,196,536,1989,141,599
801,801,797,864,463,127,965,1975,131,4045
802,802,666,130,9,11,566,1998,60,8177
803,803,70,219,325,108,543,2010,95,3583
804,804,560,556,241,210,882,2006,44,3366
805,805,386,492,573,65,684,1982,101,4864
806,806,685,730,248,93,883,1991,132,9146
807,807,85,899,917,3,211,1989,89,1191
808,808,614,727,932,115,583,2008,2,5760
809,809,256,810,884,22,608,2018,128,3382
810,810,350,220,295,190,67,1994,22,5565
811,811,368,640,589,117,733,2010,24,1987
812,812,833,985,782,79,326,2021,23,3079
813,813,53,522,549,218,837,1998,20,9600
814,814,800,904,968,82,660,1983,127,8073
815,815,407,315,454,206,542,2021,32,1464
816,816,512,211,63,158,631,1995,68,444
817,817,175,9,60,185,870,1999,74,499
818,818,973,719,905,224,270,1975,68,8856
819,819,334,245,576,122,135,1975,4,6572
820,820,838,699,17,20,375,2002,48,2268
821,821,540,980,924,150,228,1981,128,7298
822,822,332,382,942,28,46,1972,59,7397
823,823,742,655,792,150,333,2021,143,6472
824,824,235,926,499,129,595,2014,85,5365
825,825,324,762,444,116,229,1979,94,4408
826,826,702,422,524,46,356,1994,42,4111
827,827,340,800,771,121,500,2010,146,5011
828,828,744,254,661,75,430,1995,87,5096
829,829,266,153,464,2,725,2016,130,5200
830,830,180,763,821,192,174,2005,108,338
831,831,945,250,430,159,564,2002,146,3784
832,832,21,460,498,27,415,1980,133,9592
833,833,348,942,431,90,834,1971,93,7249
834,834,926,653,617,230,468,2011,10,9386
835,835,83,774,4,82,90,1992,3,5196
836,836,351,723,857,60,647,1983,55,7961
837,837,609,71,245,73,251,1991,54,4089
838,838,393,94,303,216,384,2011,125,3267
839,839,42,395,726,15,891,2002,72,6926
840,840,524,68,882,185,382,1994,129,7678
841,841,402,967,875,148,934,2010,1,9656
842,842,998,570,566,116,532,1989,53,3162
843,843,106,513,580,102,445,1996,8,6541
844,844,259,846,311,82,84,2018,48,3434
845,845,696,624,773,124,949,1999,131,5723
846,846,422,23,713,62,185,1975,54,7338
847,847,697,830,663,109,421,2009,43,6176
848,848,954,928,541,72,791,2000,127,9952
849,849,374,15,690,228,99,2007,100,5477
850,850,97,511,101,84,276,1988,18,9392
851,851,376,815,159,156,986,2012,46,7649
852,852,284,362,530,112,782,2007,81,2983
853,853,331,813,164,78,641,2022,24,8917
854,854,7,74,166,168,158,1986,37,9376
855,855,591,63,671,24,231,1988,136,4308
856,856,917,64,40,180,129,2002,142,9852
857,857,921,711,398,49,735,1998,98,7222
858,858,221,498,506,210,928,2001,89,2142
859,859,691,14,318,25,166,1976,50,2168
860,860,899,954,626,111,843,1997,104,6597
861,861,783,299,391,86,394,2005,55,5540
862,862,88,338,50,132,219,1981,106,5244
863,863,305,371,300,21,423,2001,42,5662
864,864,269,368,808,184,255,1971,22,8383
865,865,779,981,770,115,686,2004,119,488
866,866,209,6,706,105,620,1987,125,9469
867,867,526,753,299,39,168,2009,131,8399
868,868,497,158,837,24,139,2022,56,8873
869,869,575,551,594,124,267,2018,109,1397
870,870,287,316,715,12,192,2004,104,5485
871,871,392,118,249,217,487,1996,140,9655
872,872,641,17,972,115,323,1987,108,9052
873,873,964,216,895,68,31,1970,23,6020
874,874,937,651,98,121,404,1990,33,6827
875,875,370,508,5,51,628,1988,119,1715
876,876,840,282,222,214,422,1972,21,6654
877,877,640,400,168,27,626,1978,6,811
878,878,257,290,198,187,689,2001,99,2186
879,879,195,888,631,233,609,1972,143,7578
880,880,3,712,81,119,145,1980,56,6822
881,881,452,166,825,104,823,2003,22,2633
882,882,698,558,910,195,724,2009,2,5237
883,883,17,138,527,75,293,1979,115,886
884,884,741,427,647,165,330,2010,80,4585
885,885,126,955,729,223,996,2016,98,6085
886,886,501,346,310,168,113,2009,18,2882
887,887,39,52,543,10,449,1983,94,226
888,888,278,471,429,134,419,2010,92,6922
889,889,700,814,120,184,20,1978,119,2101
890,890,493,7,466,6,91,2003,69,2386
891,891,72,342,677,173,854,1974,142,6639
892,892,568,591,171,211,702,1987,39,6458
893,893,680,232,18,94,471,1973,76,5821
894,894,873,453,41,105,134,2019,32,2191
895,895,835,902,371,142,161,1982,87,2055
896,896,675,25,532,35,329,2021,26,2526
897,897,119,890,83,173,667,2003,128,8986
898,898,236,81,512,117,216,1997,140,1583
899,899,303,946,102,232,573,2001,49,9737
900,900,877,356,607,184,360,1980,36,3399
901,901,330,664,558,63,453,1987,78,8987
902,902,394,284,265,173,574,2006,124,3547
903,903,905,128,134,2,470,1994,118,8335
904,904,864,740,411,227,975,1974,76,4823
905,905,227,437,812,209,646,1977,77,1422
906,906,676,348,981,92,156,1999,65,6709
907,907,35,117,225,156,306,2012,114,2368
908,908,260,247,354,71,576,2007,18,4342
909,909,178,505,258,160,337,1980,31,1587
910,910,978,178,435,20,282,2005,129,1903
911,911,403,601,452,85,49,2017,4,1615
912,912,669,57,806,204,739,2001,10,2726
913,913,341,128,382,225,8,1996,15,4615
914,914,787,431,482,160,948,1973,67,795
915,915,296,466,568,3,779,2006,94,7581
916,916,758,648,817,145,86,1987,29,4238
917,917,993,332,850,162,865,2008,38,869
918,918,949,147,943,175,861,2011,96,7625
919,919,343,436,673,175,6,1991,19,5392
920,920,26,286,872,158,685,2006,11,3565
921,921,186,945,54,138,871,2001,109,8594
922,922,289,79,845,208,757,2001,134,8909
923,923,36,46,731,41,140,2016,100,778
924,924,965,820,173,212,508,1994,139,5359
925,925,627,340,511,5,654,2002,24,6644
926,926,753,867,488,186,240,1985,59,3634
927,927,718,318,428,210,169,2002,132,6681
928,928,214,45,114,192,690,1981,55,7222
929,929,438,392,540,0,479,2012,119,3985
930,930,623,459,923,221,998,2019,111,4200
931,931,765,410,486,217,623,1979,66,7809
932,932,559,538,751,144,597,1995,118,3910
933,933,588,152,756,103,353,2002,132,7913
934,934,704,144,915,70,488,1991,18,3695
935,935,901,424,214,40,533,2001,60,7846
936,936,188,780,864,103,433,2012,75,5703
937,937,852,19,970,25,308,2018,133,5526
938,938,201,503,206,128,672,2016,8,5730
939,939,859,693,854,115,868,1979,71,880
940,940,365,297,742,126,740,2017,47,9044
941,941,703,187,180,191,987,2009,7,1141
942,942,313,259,399,91,437,1989,9,8147
943,943,474,714,592,97,173,1995,79,895
944,944,750,418,167,51,898,2013,49,6139
945,945,994,208,352,14,759,1970,36,6865
946,946,834,96,583,222,116,2000,85,9858
947,947,440,943,269,32,481,2019,78,643
948,948,24,20,637,0,829,1994,63,8534
949,949,927,324,545,81,188,2014,6,2540
950,950,113,103,323,138,92,1988,22,8756
951,951,30,593,412,186,123,1994,145,2776
952,952,89,706,355,196,929,2021,94,2253
953,953,395,516,791,192,523,2013,77,157
954,954,991,638,897,169,70,1979,65,7668
955,955,502,694,275,187,435,1998,100,2529
956,956,488,509,550,67,36,2019,51,2273
957,957,895,956,815,67,989,1996,78,7532
958,958,928,86,38,60,874,2019,15,5282
959,959,579,28,197,184,363,1979,96,3098
960,960,37,350,529,184,617,1986,131,8423
961,961,25,53,809,149,741,1987,131,4906
962,962,849,715,191,130,313,1990,108,1306
963,963,830,833,436,75,321,1974,11,959
964,964,222,383,750,28,828,1984,21,5311
965,965,280,115,487,10,141,2011,11,3958
966,966,473,446,160,19,864,1972,107,3488
967,967,995,917,666,89,409,1987,112,4204
968,968,802,164,36,192,682,1971,74,219
969,969,805,221,569,181,936,1994,83,5533
970,970,117,775,19,48,307,1985,20,1559
971,971,65,122,317,90,831,1980,75,3512
972,972,808,475,664,153,159,2006,146,3416
973,973,443,390,176,141,426,2000,62,7640
974,974,457,387,327,159,796,1985,57,6628
975,975,548,454,23,13,761,2019,4,9774
976,976,570,60,554,138,840,1975,61,8738
977,977,56,668,732,200,320,1981,49,1740
978,978,142,69,339,147,105,1991,83,2190
979,979,325,22,314,192,457,1987,141,7374
980,980,845,240,624,194,52,1977,19,1552
981,981,310,919,635,67,218,2011,96,5250
982,982,118,48,896,89,327,2007,49,3787
983,983,624,31,273,26,312,1985,30,6652
984,984,315,496,590,61,714,1975,8,1580
985,985,144,456,763,232,889,2009,108,4644
986,986,966,608,832,59,707,2016,133,8125
987,987,851,170,359,96,412,1998,81,8861
988,988,596,716,467,95,668,1999,128,3866
989,989,816,317,105,124,431,1983,96,2712
990,990,115,504,668,205,147,1985,120,5597
991,991,841,557,451,172,396,2019,142,7940
992,992,990,105,609,209,801,2012,90,8250
993,993,763,176,521,183,590,2007,3,1424
994,994,59,785,723,233,980,1972,37,640
995,995,51,54,796,145,522,1975,109,36
996,996,371,923,496,12,373,1998,103,6547
997,997,38,602,423,231,872,2015,70,9723
998,998,597,268,686,154,817,1981,127,5355
999,999,776,449,393,183,753,2013,101,3825
1000,1000,294,517,662,85,967,2019,138,4467
