x,y1,y2,y3,y4,y5
0,0,0.01,0.071,0.029,0.078
0.1,0.044452335,0.071452335,0.067452335,0.081452335,0.105452335
0.2,0.088816787,0.140816787,0.176816787,0.096816787,0.090816787
0.3,0.133005651,0.231005651,0.134005651,0.229005651,0.170005651
0.4,0.176931563,0.255931563,0.185931563,0.211931563,0.184931563
0.5,0.220507685,0.294507685,0.246507685,0.240507685,0.276507685
0.6,0.263647865,0.278647865,0.313647865,0.294647865,0.357647865
0.7,0.306266817,0.363266817,0.396266817,0.332266817,0.379266817
0.8,0.348280284,0.386280284,0.365280284,0.400280284,0.436280284
0.9,0.389605204,0.422605204,0.482605204,0.448605204,0.425605204
1,0.430159881,0.434159881,0.484159881,0.510159881,0.515159881
1.1,0.469864137,0.551864137,0.513864137,0.507864137,0.523864137
1.2,0.508639477,0.577639477,0.581639477,0.528639477,0.538639477
1.3,0.546409244,0.601409244,0.604409244,0.618409244,0.582409244
1.4,0.583098766,0.664098766,0.630098766,0.590098766,0.597098766
1.5,0.61863551,0.61863551,0.65063551,0.64963551,0.68763551
1.6,0.652949219,0.677949219,0.732949219,0.691949219,0.686949219
1.7,0.685972056,0.764972056,0.736972056,0.737972056,0.696972056
1.8,0.717638736,0.804638736,0.811638736,0.773638736,0.771638736
1.9,0.747886652,0.758886652,0.787886652,0.835886652,0.770886652
2,0.776656007,0.779656007,0.784656007,0.796656007,0.780656007
2.1,0.803889922,0.896889922,0.874889922,0.864889922,0.850889922
2.2,0.829534557,0.865534557,0.928534557,0.911534557,0.895534557
2.3,0.853539213,0.928539213,0.950539213,0.866539213,0.914539213
2.4,0.875856433,0.882856433,0.879856433,0.968856433,0.908856433
2.5,0.896442096,0.995442096,0.936442096,0.959442096,0.927442096
2.6,0.915255505,0.931255505,0.929255505,0.962255505,0.966255505
2.7,0.932259465,0.997259465,0.997259465,0.997259465,0.944259465
2.8,0.94742036,1.00942036,0.96142036,0.98742036,0.97742036
2.9,0.960708218,1.028708218,1.052708218,1.039708218,0.964708218
3,0.972096767,0.973096767,1.017096767,0.985096767,1.020096767
3.1,0.981563494,1.060563494,1.040563494,1.055563494,1.041563494
3.2,0.989089682,1.034089682,1.086089682,1.065089682,1.010089682
3.3,0.994660452,1.031660452,1.051660452,1.004660452,1.034660452
3.4,0.998264792,1.002264792,1.025264792,1.082264792,1.075264792
3.5,0.999895575,1.057895575,1.081895575,1.058895575,1.067895575
3.6,0.999549577,1.050549577,1.040549577,1.008549577,1.058549577
3.7,0.997227483,1.028227483,1.034227483,1.073227483,1.056227483
3.8,0.992933882,1.001933882,1.050933882,1.053933882,1.026933882
3.9,0.986677264,0.999677264,1.018677264,1.076677264,1.065677264
4,0.978469998,1.007469998,1.014469998,0.983469998,0.996469998
4.1,0.968328309,1.000328309,1.022328309,1.033328309,0.972328309
4.2,0.956272248,0.959272248,1.055272248,0.985272248,1.020272248
4.3,0.942325648,0.955325648,1.019325648,1.019325648,1.001325648
4.4,0.926516083,0.999516083,0.954516083,1.023516083,0.978516083
4.5,0.908874808,0.959874808,0.996874808,0.941874808,0.909874808
4.6,0.889436698,0.933436698,0.969436698,0.944436698,0.938436698
4.7,0.868240184,0.898240184,0.943240184,0.950240184,0.897240184
4.8,0.84532717,0.86432717,0.88732717,0.87832717,0.93732717
4.9,0.820742955,0.890742955,0.825742955,0.838742955,0.906742955
5,0.794536141,0.887536141,0.810536141,0.838536141,0.865536141
5.1,0.76675854,0.80475854,0.77075854,0.79675854,0.78875854
5.2,0.737465067,0.762465067,0.818465067,0.784465067,0.780465067
5.3,0.706713636,0.708713636,0.714713636,0.730713636,0.719713636
5.4,0.67456504,0.70056504,0.73056504,0.70756504,0.69156504
5.5,0.641082838,0.729082838,0.682082838,0.718082838,0.733082838
5.6,0.606333223,0.650333223,0.615333223,0.636333223,0.662333223
5.7,0.570384896,0.632384896,0.619384896,0.616384896,0.605384896
5.8,0.533308924,0.583308924,0.630308924,0.598308924,0.627308924
5.9,0.495178608,0.551178608,0.579178608,0.521178608,0.553178608
6,0.45606933,0.51206933,0.49406933,0.51406933,0.47606933
6.1,0.416058409,0.499058409,0.426058409,0.451058409,0.416058409
6.2,0.375224946,0.379224946,0.440224946,0.456224946,0.458224946
6.3,0.333649668,0.399649668,0.389649668,0.372649668,0.395649668
6.4,0.291414769,0.314414769,0.322414769,0.381414769,0.345414769
6.5,0.248603746,0.327603746,0.346603746,0.271603746,0.303603746
6.6,0.205301237,0.297301237,0.221301237,0.275301237,0.249301237
6.7,0.16159285,0.18759285,0.23059285,0.19959285,0.22159285
6.8,0.117564997,0.173564997,0.136564997,0.156564997,0.196564997
6.9,0.073304718,0.131304718,0.160304718,0.093304718,0.108304718
7,0.028899518,0.086899518,0.066899518,0.030899518,0.075899518
7.1,-0.015562817,0.024437183,0.035437183,-0.009562817,0.018437183
7.2,-0.059994385,-0.003994385,-0.006994385,0.003005615,-0.004994385
7.3,-0.104307344,-0.099307344,-0.082307344,-0.042307344,-0.067307344
7.4,-0.148414089,-0.069414089,-0.137414089,-0.066414089,-0.118414089
7.5,-0.192227421,-0.163227421,-0.111227421,-0.164227421,-0.100227421
7.6,-0.235660722,-0.226660722,-0.165660722,-0.146660722,-0.139660722
7.7,-0.278628124,-0.264628124,-0.276628124,-0.203628124,-0.233628124
7.8,-0.321044683,-0.240044683,-0.249044683,-0.303044683,-0.231044683
7.9,-0.36282654,-0.32282654,-0.33982654,-0.33382654,-0.28182654
8,-0.403891094,-0.375891094,-0.368891094,-0.338891094,-0.323891094
8.1,-0.444157161,-0.427157161,-0.401157161,-0.375157161,-0.416157161
8.2,-0.483545134,-0.410545134,-0.459545134,-0.458545134,-0.441545134
8.3,-0.521977145,-0.440977145,-0.515977145,-0.504977145,-0.516977145
8.4,-0.559377214,-0.523377214,-0.525377214,-0.511377214,-0.543377214
8.5,-0.595671401,-0.538671401,-0.581671401,-0.531671401,-0.583671401
8.6,-0.630787953,-0.584787953,-0.611787953,-0.572787953,-0.612787953
8.7,-0.664657446,-0.601657446,-0.651657446,-0.640657446,-0.653657446
8.8,-0.69721292,-0.62621292,-0.67821292,-0.66321292,-0.64421292
8.9,-0.728390012,-0.669390012,-0.712390012,-0.724390012,-0.641390012
9,-0.758127087,-0.709127087,-0.749127087,-0.684127087,-0.684127087
9.1,-0.786365354,-0.780365354,-0.778365354,-0.761365354,-0.749365354
9.2,-0.813048987,-0.779048987,-0.804048987,-0.726048987,-0.770048987
9.3,-0.838125233,-0.783125233,-0.775125233,-0.801125233,-0.830125233
9.4,-0.861544516,-0.858544516,-0.844544516,-0.800544516,-0.774544516
9.5,-0.883260536,-0.865260536,-0.836260536,-0.783260536,-0.867260536
9.6,-0.903230362,-0.851230362,-0.830230362,-0.829230362,-0.859230362
9.7,-0.921414513,-0.831414513,-0.881414513,-0.891414513,-0.892414513
9.8,-0.937777039,-0.876777039,-0.930777039,-0.881777039,-0.898777039
9.9,-0.952285592,-0.917285592,-0.895285592,-0.899285592,-0.887285592
10,-0.964911488,-0.964911488,-0.866911488,-0.916911488,-0.916911488
10.1,-0.975629767,-0.957629767,-0.911629767,-0.932629767,-0.949629767
10.2,-0.984419239,-0.915419239,-0.928419239,-0.925419239,-0.954419239
10.3,-0.991262526,-0.958262526,-0.925262526,-0.894262526,-0.955262526
10.4,-0.9961461,-0.9901461,-0.9801461,-0.9121461,-0.9631461
10.5,-0.999060306,-0.963060306,-0.915060306,-0.998060306,-0.957060306
10.6,-0.999999382,-0.945999382,-0.994999382,-0.901999382,-0.991999382
10.7,-0.998961473,-0.923961473,-0.937961473,-0.928961473,-0.939961473
10.8,-0.995948629,-0.975948629,-0.962948629,-0.994948629,-0.963948629
10.9,-0.990966808,-0.974966808,-0.934966808,-0.911966808,-0.945966808
11,-0.984025858,-0.886025858,-0.885025858,-0.951025858,-0.952025858
11.1,-0.975139502,-0.898139502,-0.898139502,-0.952139502,-0.971139502
11.2,-0.964325307,-0.944325307,-0.939325307,-0.893325307,-0.897325307
11.3,-0.951604654,-0.908604654,-0.871604654,-0.858604654,-0.916604654
11.4,-0.93700269,-0.84900269,-0.93100269,-0.90300269,-0.90900269
11.5,-0.920548284,-0.911548284,-0.837548284,-0.886548284,-0.884548284
11.6,-0.902273966,-0.832273966,-0.879273966,-0.825273966,-0.810273966
11.7,-0.882215864,-0.855215864,-0.882215864,-0.876215864,-0.866215864
11.8,-0.860413633,-0.837413633,-0.765413633,-0.847413633,-0.846413633
11.9,-0.836910375,-0.737910375,-0.791910375,-0.784910375,-0.791910375
12,-0.811752555,-0.784752555,-0.741752555,-0.763752555,-0.758752555
12.1,-0.784989912,-0.754989912,-0.716989912,-0.687989912,-0.689989912
12.2,-0.756675353,-0.674675353,-0.684675353,-0.706675353,-0.681675353
12.3,-0.726864857,-0.648864857,-0.707864857,-0.676864857,-0.696864857
12.4,-0.695617358,-0.598617358,-0.688617358,-0.670617358,-0.681617358
12.5,-0.662994633,-0.597994633,-0.583994633,-0.596994633,-0.586994633
12.6,-0.629061176,-0.603061176,-0.568061176,-0.623061176,-0.556061176
12.7,-0.593884073,-0.573884073,-0.552884073,-0.560884073,-0.565884073
12.8,-0.557532869,-0.460532869,-0.550532869,-0.538532869,-0.474532869
12.9,-0.520079429,-0.466079429,-0.451079429,-0.518079429,-0.498079429
13,-0.4815978,-0.4535978,-0.4135978,-0.4515978,-0.4815978
13.1,-0.442164057,-0.350164057,-0.434164057,-0.420164057,-0.416164057
13.2,-0.401856162,-0.345856162,-0.385856162,-0.316856162,-0.384856162
13.3,-0.360753802,-0.347753802,-0.272753802,-0.273753802,-0.343753802
13.4,-0.318938237,-0.267938237,-0.273938237,-0.230938237,-0.249938237
13.5,-0.276492135,-0.249492135,-0.199492135,-0.257492135,-0.264492135
13.6,-0.233499411,-0.196499411,-0.202499411,-0.142499411,-0.184499411
13.7,-0.190045063,-0.111045063,-0.096045063,-0.186045063,-0.189045063
13.8,-0.146214997,-0.118214997,-0.066214997,-0.072214997,-0.067214997
13.9,-0.102095866,-0.055095866,-0.022095866,-0.030095866,-0.032095866
14,-0.057774894,-0.016774894,-0.036774894,-0.021774894,0.041225106
14.1,-0.013339701,0.079660299,0.036660299,0.055660299,0.020660299
14.2,0.031121865,0.088121865,0.095121865,0.091121865,0.058121865
14.3,0.075521903,0.080521903,0.112521903,0.174521903,0.098521903
14.4,0.119772635,0.170772635,0.191772635,0.201772635,0.163772635
14.5,0.163786578,0.218786578,0.248786578,0.262786578,0.166786578
14.6,0.207476718,0.227476718,0.225476718,0.291476718,0.288476718
14.7,0.250756678,0.275756678,0.294756678,0.336756678,0.341756678
14.8,0.293540896,0.373540896,0.298540896,0.343540896,0.327540896
14.9,0.335744787,0.338744787,0.359744787,0.342744787,0.417744787
15,0.377284915,0.395284915,0.470284915,0.439284915,0.438284915
15.1,0.418079155,0.424079155,0.424079155,0.482079155,0.433079155
15.2,0.458046859,0.521046859,0.553046859,0.465046859,0.532046859
15.3,0.497109009,0.539109009,0.516109009,0.571109009,0.550109009
15.4,0.535188382,0.625188382,0.543188382,0.548188382,0.543188382
15.5,0.572209694,0.650209694,0.592209694,0.599209694,0.650209694
15.6,0.608099754,0.623099754,0.613099754,0.634099754,0.683099754
15.7,0.64278761,0.67678761,0.73578761,0.65078761,0.70978761
15.8,0.676204682,0.701204682,0.739204682,0.722204682,0.765204682
15.9,0.708284907,0.804284907,0.781284907,0.729284907,0.708284907
16,0.738964861,0.797964861,0.766964861,0.758964861,0.770964861
16.1,0.768183891,0.832183891,0.812183891,0.846183891,0.821183891
16.2,0.795884232,0.843884232,0.863884232,0.894884232,0.834884232
16.3,0.822011119,0.826011119,0.857011119,0.891011119,0.895011119
16.4,0.846512902,0.911512902,0.909512902,0.866512902,0.897512902
16.5,0.869341139,0.960341139,0.952341139,0.875341139,0.886341139
16.6,0.890450699,0.947450699,0.978450699,0.966450699,0.955450699
16.7,0.909799851,0.944799851,1.000799851,0.928799851,0.932799851
16.8,0.927350339,0.984350339,0.934350339,0.995350339,1.023350339
16.9,0.943067468,1.026067468,0.995067468,1.008067468,0.981067468
17,0.956920165,0.973920165,0.973920165,0.962920165,1.015920165
17.1,0.968881042,1.043881042,1.059881042,1.040881042,0.986881042
17.2,0.978926454,1.069926454,1.072926454,1.041926454,0.995926454
17.3,0.987036542,1.079036542,1.005036542,1.025036542,1.030036542
17.4,0.99319527,1.08319527,1.00919527,1.03619527,0.99819527
17.5,0.997390465,1.002390465,1.061390465,1.051390465,1.093390465
17.6,0.999613831,1.002613831,1.063613831,1.005613831,1.030613831
17.7,0.999860973,1.089860973,1.036860973,1.042860973,1.001860973
17.8,0.998131404,1.081131404,1.096131404,1.026131404,1.086131404
17.9,0.994428541,0.994428541,1.021428541,1.036428541,1.000428541
18,0.988759705,1.039759705,1.021759705,1.045759705,1.052759705
18.1,0.981136105,0.995136105,1.012136105,1.059136105,1.068136105
18.2,0.971572811,1.020572811,1.039572811,1.051572811,1.069572811
18.3,0.96008873,0.97908873,0.97708873,0.96508873,1.05408873
18.4,0.946706566,0.963706566,1.027706566,1.042706566,0.976706566
18.5,0.931452775,0.953452775,0.992452775,0.944452775,1.020452775
18.6,0.914357514,0.984357514,1.001357514,0.916357514,0.949357514
18.7,0.89545458,0.91745458,0.96945458,0.91245458,0.95645458
18.8,0.874781344,0.940781344,0.955781344,0.880781344,0.909781344
18.9,0.852378676,0.924378676,0.935378676,0.924378676,0.934378676
19,0.828290866,0.869290866,0.905290866,0.874290866,0.839290866
19.1,0.802565536,0.890565536,0.872565536,0.844565536,0.809565536
19.2,0.775253545,0.873253545,0.809253545,0.868253545,0.824253545
19.3,0.746408887,0.797408887,0.794408887,0.779408887,0.835408887
19.4,0.716088588,0.746088588,0.754088588,0.815088588,0.787088588
19.5,0.684352591,0.777352591,0.770352591,0.686352591,0.735352591
19.6,0.651263638,0.750263638,0.679263638,0.721263638,0.687263638
19.7,0.616887145,0.619887145,0.643887145,0.708887145,0.683887145
19.8,0.581291075,0.649291075,0.586291075,0.653291075,0.627291075
19.9,0.544545799,0.622545799,0.598545799,0.596545799,0.588545799
20,0.506723963,0.586723963,0.599723963,0.512723963,0.531723963
20.1,0.46790034,0.51390034,0.48690034,0.52090034,0.49390034
20.2,0.428151685,0.438151685,0.454151685,0.456151685,0.470151685
20.3,0.387556579,0.409556579,0.395556579,0.454556579,0.475556579
20.4,0.346195278,0.443195278,0.359195278,0.410195278,0.366195278
20.5,0.304149554,0.401149554,0.378149554,0.315149554,0.370149554
20.6,0.26150253,0.35650253,0.32050253,0.28150253,0.31350253
20.7,0.218338519,0.309338519,0.290338519,0.256338519,0.310338519
20.8,0.174742856,0.258742856,0.218742856,0.198742856,0.212742856
20.9,0.130801728,0.157801728,0.220801728,0.199801728,0.175801728
21,0.086602007,0.137602007,0.131602007,0.116602007,0.176602007
21.1,0.042231075,0.129231075,0.116231075,0.112231075,0.111231075
21.2,-0.002223348,0.095776652,0.075776652,0.056776652,0.031776652
21.3,-0.046673374,0.038326626,-0.017673374,-0.003673374,-0.037673374
21.4,-0.091031129,-0.070031129,-0.091031129,-0.088031129,-0.073031129
21.5,-0.135208916,-0.076208916,-0.052208916,-0.114208916,-0.073208916
21.6,-0.179119396,-0.152119396,-0.161119396,-0.102119396,-0.178119396
21.7,-0.22267576,-0.13667576,-0.19767576,-0.18167576,-0.20267576
21.8,-0.265791897,-0.246791897,-0.262791897,-0.166791897,-0.199791897
21.9,-0.308382566,-0.270382566,-0.297382566,-0.288382566,-0.302382566
22,-0.350363568,-0.264363568,-0.328363568,-0.330363568,-0.310363568
22.1,-0.391651905,-0.332651905,-0.296651905,-0.298651905,-0.389651905
22.2,-0.432165951,-0.372165951,-0.380165951,-0.408165951,-0.405165951
22.3,-0.47182561,-0.37382561,-0.38982561,-0.46682561,-0.39982561
22.4,-0.510552477,-0.410552477,-0.440552477,-0.464552477,-0.456552477
22.5,-0.548269987,-0.488269987,-0.539269987,-0.524269987,-0.486269987
22.6,-0.584903575,-0.575903575,-0.548903575,-0.579903575,-0.544903575
22.7,-0.620380816,-0.522380816,-0.538380816,-0.566380816,-0.525380816
22.8,-0.654631573,-0.603631573,-0.624631573,-0.634631573,-0.598631573
22.9,-0.687588131,-0.637588131,-0.621588131,-0.636588131,-0.636588131
23,-0.719185336,-0.666185336,-0.621185336,-0.634185336,-0.705185336
23.1,-0.749360721,-0.699360721,-0.679360721,-0.676360721,-0.659360721
23.2,-0.778054629,-0.686054629,-0.716054629,-0.706054629,-0.732054629
23.3,-0.805210333,-0.707210333,-0.766210333,-0.738210333,-0.746210333
23.4,-0.830774147,-0.771774147,-0.825774147,-0.821774147,-0.788774147
23.5,-0.854695531,-0.778695531,-0.767695531,-0.809695531,-0.795695531
23.6,-0.876927193,-0.857927193,-0.821927193,-0.848927193,-0.823927193
23.7,-0.897425181,-0.834425181,-0.848425181,-0.880425181,-0.813425181
23.8,-0.916148971,-0.832148971,-0.861148971,-0.828148971,-0.887148971
23.9,-0.933061547,-0.907061547,-0.931061547,-0.879061547,-0.856061547
24,-0.948129471,-0.900129471,-0.867129471,-0.935129471,-0.926129471
24.1,-0.961322956,-0.895322956,-0.949322956,-0.880322956,-0.905322956
24.2,-0.972615918,-0.918615918,-0.895615918,-0.937615918,-0.953615918
24.3,-0.98198603,-0.96498603,-0.90798603,-0.94198603,-0.95598603
24.4,-0.989414769,-0.918414769,-0.950414769,-0.899414769,-0.908414769
24.5,-0.994887447,-0.942887447,-0.990887447,-0.907887447,-0.937887447
24.6,-0.998393246,-0.965393246,-0.915393246,-0.948393246,-0.987393246
24.7,-0.999925234,-0.980925234,-0.977925234,-0.918925234,-0.965925234
24.8,-0.999480382,-0.979480382,-0.992480382,-0.967480382,-0.984480382
24.9,-0.997059571,-0.962059571,-0.988059571,-0.980059571,-0.914059571
25,-0.992667586,-0.938667586,-0.958667586,-0.974667586,-0.989667586
25.1,-0.98631311,-0.90231311,-0.97731311,-0.98531311,-0.92931311
25.2,-0.978008705,-0.889008705,-0.881008705,-0.913008705,-0.944008705
25.3,-0.96777079,-0.96277079,-0.92977079,-0.89077079,-0.86977079
25.4,-0.955619604,-0.882619604,-0.875619604,-0.856619604,-0.929619604
25.5,-0.941579171,-0.923579171,-0.911579171,-0.855579171,-0.855579171
25.6,-0.925677247,-0.902677247,-0.877677247,-0.907677247,-0.917677247
25.7,-0.907945272,-0.898945272,-0.835945272,-0.821945272,-0.877945272
25.8,-0.8884183,-0.8884183,-0.8264183,-0.8204183,-0.8444183
25.9,-0.867134937,-0.844134937,-0.780134937,-0.838134937,-0.811134937
26,-0.844137259,-0.776137259,-0.793137259,-0.751137259,-0.747137259
26.1,-0.819470733,-0.759470733,-0.762470733,-0.730470733,-0.798470733
26.2,-0.793184123,-0.788184123,-0.714184123,-0.705184123,-0.696184123
26.3,-0.765329399,-0.686329399,-0.674329399,-0.698329399,-0.726329399
26.4,-0.735961629,-0.635961629,-0.689961629,-0.688961629,-0.654961629
26.5,-0.705138871,-0.613138871,-0.661138871,-0.665138871,-0.669138871
26.6,-0.672922063,-0.634922063,-0.591922063,-0.576922063,-0.671922063
26.7,-0.639374897,-0.583374897,-0.557374897,-0.602374897,-0.545374897
26.8,-0.604563695,-0.541563695,-0.523563695,-0.597563695,-0.580563695
26.9,-0.568557278,-0.492557278,-0.556557278,-0.515557278,-0.523557278
27,-0.531426831,-0.494426831,-0.482426831,-0.481426831,-0.468426831
27.1,-0.49324576,-0.48024576,-0.45324576,-0.47424576,-0.42024576
27.2,-0.454089548,-0.443089548,-0.420089548,-0.401089548,-0.397089548
27.3,-0.414035607,-0.324035607,-0.407035607,-0.391035607,-0.368035607
27.4,-0.373163123,-0.338163123,-0.301163123,-0.288163123,-0.290163123
27.5,-0.3315529,-0.3175529,-0.3315529,-0.3085529,-0.2435529
27.6,-0.289287201,-0.255287201,-0.228287201,-0.213287201,-0.272287201
27.7,-0.246449586,-0.210449586,-0.181449586,-0.156449586,-0.200449586
27.8,-0.203124742,-0.201124742,-0.166124742,-0.201124742,-0.193124742
27.9,-0.159398324,-0.067398324,-0.128398324,-0.067398324,-0.108398324
28,-0.115356777,-0.024356777,-0.045356777,-0.087356777,-0.049356777
28.1,-0.071087171,-0.058087171,0.017912829,-0.036087171,-0.024087171
28.2,-0.026677027,0.017322973,0.067322973,-0.013677027,-0.018677027
28.3,0.017785857,0.111785857,0.070785857,0.096785857,0.058785857
28.4,0.062213579,0.083213579,0.125213579,0.062213579,0.120213579
28.5,0.106518305,0.127518305,0.106518305,0.176518305,0.186518305
28.6,0.150612446,0.178612446,0.234612446,0.166612446,0.173612446
28.7,0.194408829,0.273408829,0.257408829,0.220408829,0.294408829
28.8,0.237820867,0.320820867,0.316820867,0.316820867,0.335820867
28.9,0.280762737,0.321762737,0.298762737,0.287762737,0.363762737
29,0.323149542,0.375149542,0.370149542,0.419149542,0.390149542
29.1,0.364897485,0.385897485,0.419897485,0.377897485,0.411897485
29.2,0.40592403,0.42992403,0.42492403,0.48592403,0.47992403
29.3,0.446148069,0.451148069,0.493148069,0.458148069,0.480148069
29.4,0.485490078,0.529490078,0.518490078,0.496490078,0.576490078
29.5,0.52387228,0.60287228,0.54487228,0.53287228,0.60387228
29.6,0.561218793,0.575218793,0.572218793,0.583218793,0.602218793
29.7,0.597455784,0.659455784,0.691455784,0.628455784,0.597455784
29.8,0.632511612,0.684511612,0.730511612,0.663511612,0.713511612
29.9,0.666316973,0.723316973,0.747316973,0.687316973,0.684316973
30,0.698805034,0.757805034,0.721805034,0.796805034,0.722805034
30.1,0.729911567,0.743911567,0.753911567,0.774911567,0.739911567
30.2,0.759575073,0.811575073,0.780575073,0.770575073,0.784575073
30.3,0.78773691,0.81973691,0.80773691,0.79273691,0.84473691
30.4,0.8143414,0.8233414,0.9033414,0.8493414,0.8443414
30.5,0.839335948,0.874335948,0.880335948,0.901335948,0.884335948
30.6,0.86267114,0.91167114,0.88367114,0.91467114,0.92967114
30.7,0.884300842,0.922300842,0.948300842,0.971300842,0.900300842
30.8,0.904182292,0.937182292,0.913182292,0.950182292,0.958182292
30.9,0.922276186,0.947276186,0.975276186,0.957276186,0.967276186
31,0.938546752,1.013546752,0.981546752,0.997546752,0.939546752
31.1,0.952961822,1.019961822,0.996961822,1.040961822,1.001961822
31.2,0.9654929,1.0514929,0.9724929,1.0624929,1.0494929
31.3,0.97611521,1.00511521,1.02011521,1.07111521,0.98611521
31.4,0.984807753,1.012807753,1.007807753,0.995807753,1.028807753
31.5,0.991553344,1.056553344,1.088553344,1.072553344,1.011553344
31.6,0.996338646,1.044338646,1.087338646,1.068338646,1.074338646
31.7,0.9991542,1.0021542,1.0131542,1.0931542,1.0571542
31.8,0.999994439,1.066994439,1.058994439,1.075994439,1.048994439
31.9,0.998857701,1.057857701,1.053857701,1.020857701,1.072857701
32,0.995746235,1.051746235,1.028746235,1.008746235,1.051746235
32.1,0.990666191,1.087666191,1.028666191,1.069666191,1.090666191
32.2,0.983627613,1.055627613,1.021627613,1.045627613,1.023627613
32.3,0.974644416,1.064644416,1.024644416,1.018644416,1.020644416
32.4,0.963734359,1.011734359,1.008734359,0.992734359,1.046734359
32.5,0.950919012,1.027919012,1.011919012,0.975919012,0.994919012
32.6,0.93622371,1.00522371,0.94222371,0.96822371,1.02022371
32.7,0.919677506,0.958677506,1.017677506,0.967677506,0.967677506
32.8,0.901313111,0.929313111,0.905313111,0.927313111,0.983313111
32.9,0.881166831,0.940166831,0.890166831,0.893166831,0.944166831
33,0.859278497,0.895278497,0.903278497,0.859278497,0.920278497
33.1,0.835691379,0.849691379,0.934691379,0.896691379,0.877691379
33.2,0.810452111,0.815452111,0.817452111,0.821452111,0.870452111
33.3,0.783610589,0.845610589,0.800610589,0.820610589,0.859610589
33.4,0.755219879,0.807219879,0.825219879,0.778219879,0.773219879
33.5,0.725336109,0.765336109,0.785336109,0.766336109,0.774336109
33.6,0.694018358,0.773018358,0.790018358,0.701018358,0.768018358
33.7,0.661328543,0.756328543,0.737328543,0.730328543,0.710328543
33.8,0.627331289,0.725331289,0.661331289,0.696331289,0.710331289
33.9,0.59209381,0.64509381,0.60709381,0.60709381,0.63109381
34,0.555685768,0.556685768,0.585685768,0.639685768,0.613685768
34.1,0.518179143,0.542179143,0.597179143,0.518179143,0.528179143
34.2,0.479648084,0.566648084,0.578648084,0.579648084,0.496648084
34.3,0.440168768,0.487168768,0.501168768,0.493168768,0.484168768
34.4,0.399819243,0.426819243,0.472819243,0.487819243,0.412819243
34.5,0.358679281,0.458679281,0.417679281,0.360679281,0.394679281
34.6,0.316830214,0.378830214,0.322830214,0.341830214,0.334830214
34.7,0.274354779,0.301354779,0.362354779,0.297354779,0.287354779
34.8,0.231336947,0.294336947,0.239336947,0.316336947,0.328336947
34.9,0.187861765,0.276861765,0.219861765,0.252861765,0.251861765
35,0.144015183,0.217015183,0.238015183,0.169015183,0.243015183
35.1,0.099883885,0.152883885,0.101883885,0.175883885,0.115883885
35.2,0.055555117,0.114555117,0.131555117,0.056555117,0.057555117
35.3,0.011116518,0.065116518,0.055116518,0.089116518,0.080116518
35.4,-0.033344059,-0.010344059,-0.010344059,0.011655941,0.066655941
35.5,-0.077738714,0.006261286,-0.001738714,-0.037738714,-0.032738714
35.6,-0.121979681,-0.041979681,-0.059979681,-0.023979681,-0.025979681
35.7,-0.165979496,-0.119979496,-0.104979496,-0.136979496,-0.123979496
35.8,-0.209651172,-0.202651172,-0.195651172,-0.128651172,-0.137651172
35.9,-0.25290837,-0.23490837,-0.16990837,-0.21490837,-0.22090837
36,-0.295665571,-0.198665571,-0.202665571,-0.229665571,-0.255665571
36.1,-0.337838246,-0.317838246,-0.318838246,-0.303838246,-0.246838246
36.2,-0.379343018,-0.323343018,-0.293343018,-0.284343018,-0.367343018
36.3,-0.420097834,-0.391097834,-0.371097834,-0.387097834,-0.396097834
36.4,-0.460022122,-0.443022122,-0.455022122,-0.434022122,-0.448022122
36.5,-0.499036953,-0.469036953,-0.485036953,-0.444036953,-0.464036953
36.6,-0.537065193,-0.505065193,-0.511065193,-0.441065193,-0.512065193
36.7,-0.574031663,-0.553031663,-0.521031663,-0.493031663,-0.491031663
36.8,-0.609863279,-0.544863279,-0.570863279,-0.518863279,-0.531863279
36.9,-0.644489204,-0.577489204,-0.634489204,-0.638489204,-0.570489204
37,-0.677840982,-0.583840982,-0.616840982,-0.642840982,-0.656840982
37.1,-0.709852676,-0.621852676,-0.615852676,-0.701852676,-0.614852676
37.2,-0.740461001,-0.721461001,-0.721461001,-0.732461001,-0.663461001
37.3,-0.769605445,-0.694605445,-0.730605445,-0.767605445,-0.719605445
37.4,-0.797228388,-0.721228388,-0.778228388,-0.778228388,-0.763228388
37.5,-0.823275221,-0.749275221,-0.793275221,-0.770275221,-0.735275221
37.6,-0.847694449,-0.801694449,-0.821694449,-0.832694449,-0.831694449
37.7,-0.870437796,-0.823437796,-0.783437796,-0.791437796,-0.788437796
37.8,-0.891460299,-0.852460299,-0.802460299,-0.864460299,-0.807460299
37.9,-0.910720396,-0.855720396,-0.852720396,-0.856720396,-0.835720396
38,-0.928180011,-0.898180011,-0.852180011,-0.832180011,-0.856180011
38.1,-0.943804626,-0.868804626,-0.857804626,-0.900804626,-0.872804626
38.2,-0.957563351,-0.857563351,-0.947563351,-0.914563351,-0.946563351
38.3,-0.969428986,-0.900428986,-0.885428986,-0.953428986,-0.946428986
38.4,-0.979378072,-0.885378072,-0.952378072,-0.963378072,-0.976378072
38.5,-0.98739094,-0.91239094,-0.92339094,-0.96039094,-0.89439094
38.6,-0.993451749,-0.898451749,-0.916451749,-0.942451749,-0.967451749
38.7,-0.997548516,-0.917548516,-0.986548516,-0.995548516,-0.905548516
38.8,-0.999673143,-0.968673143,-0.992673143,-0.992673143,-0.925673143
38.9,-0.999821429,-0.971821429,-0.996821429,-0.951821429,-0.940821429
39,-0.997993081,-0.993993081,-0.922993081,-0.958993081,-0.978993081
39.1,-0.994191713,-0.941191713,-0.993191713,-0.989191713,-0.984191713
39.2,-0.988424841,-0.926424841,-0.898424841,-0.895424841,-0.953424841
39.3,-0.980703866,-0.938703866,-0.913703866,-0.914703866,-0.914703866
39.4,-0.971044052,-0.941044052,-0.915044052,-0.900044052,-0.909044052
39.5,-0.959464496,-0.860464496,-0.940464496,-0.959464496,-0.947464496
39.6,-0.945988092,-0.917988092,-0.910988092,-0.897988092,-0.934988092
39.7,-0.930641481,-0.885641481,-0.839641481,-0.904641481,-0.902641481
39.8,-0.913455003,-0.849455003,-0.824455003,-0.878455003,-0.845455003
39.9,-0.894462637,-0.827462637,-0.804462637,-0.859462637,-0.840462637
40,-0.87370193,-0.84870193,-0.83470193,-0.80870193,-0.84470193
40.1,-0.851213925,-0.848213925,-0.796213925,-0.806213925,-0.798213925
40.2,-0.827043081,-0.728043081,-0.747043081,-0.783043081,-0.807043081
40.3,-0.801237184,-0.769237184,-0.794237184,-0.757237184,-0.734237184
40.4,-0.773847251,-0.744847251,-0.714847251,-0.750847251,-0.708847251
40.5,-0.744927432,-0.694927432,-0.671927432,-0.739927432,-0.702927432
40.6,-0.714534901,-0.647534901,-0.640534901,-0.682534901,-0.652534901
40.7,-0.682729743,-0.657729743,-0.603729743,-0.600729743,-0.608729743
40.8,-0.649574838,-0.569574838,-0.578574838,-0.640574838,-0.590574838
40.9,-0.615135731,-0.567135731,-0.575135731,-0.609135731,-0.577135731
41,-0.57948051,-0.54248051,-0.55048051,-0.48548051,-0.55848051
41.1,-0.542679662,-0.456679662,-0.538679662,-0.507679662,-0.452679662
41.2,-0.504805944,-0.501805944,-0.504805944,-0.440805944,-0.448805944
41.3,-0.465934231,-0.447934231,-0.382934231,-0.404934231,-0.460934231
41.4,-0.426141372,-0.326141372,-0.345141372,-0.364141372,-0.384141372
41.5,-0.385506037,-0.354506037,-0.355506037,-0.364506037,-0.297506037
41.6,-0.344108561,-0.291108561,-0.271108561,-0.286108561,-0.329108561
41.7,-0.302030787,-0.281030787,-0.298030787,-0.287030787,-0.211030787
41.8,-0.259355903,-0.177355903,-0.214355903,-0.214355903,-0.165355903
41.9,-0.216168275,-0.145168275,-0.160168275,-0.209168275,-0.196168275
42,-0.172553285,-0.117553285,-0.082553285,-0.114553285,-0.072553285
42.1,-0.128597159,-0.054597159,-0.126597159,-0.034597159,-0.102597159
42.2,-0.084386799,-0.024386799,-0.028386799,-0.038386799,-0.052386799
42.3,-0.040009607,0.038990393,0.027990393,-0.038009607,-0.024009607
42.4,0.004446684,0.012446684,0.020446684,0.062446684,0.089446684
42.5,0.048894184,0.128894184,0.145894184,0.106894184,0.115894184
42.6,0.09324502,0.12824502,0.18924502,0.16624502,0.14024502
42.7,0.137411512,0.166411512,0.186411512,0.184411512,0.161411512
42.8,0.181306344,0.192306344,0.280306344,0.211306344,0.254306344
42.9,0.224842735,0.299842735,0.299842735,0.254842735,0.231842735
43,0.267934615,0.365934615,0.317934615,0.353934615,0.341934615
43.1,0.310496791,0.326496791,0.359496791,0.339496791,0.387496791
43.2,0.35244512,0.43444512,0.44244512,0.41044512,0.37944512
43.3,0.393696668,0.469696668,0.440696668,0.471696668,0.406696668
43.4,0.434169884,0.494169884,0.499169884,0.444169884,0.509169884
43.5,0.473784752,0.487784752,0.511784752,0.482784752,0.476784752
43.6,0.512462953,0.524462953,0.516462953,0.612462953,0.523462953
43.7,0.550128021,0.561128021,0.602128021,0.554128021,0.584128021
43.8,0.586705493,0.628705493,0.603705493,0.627705493,0.602705493
43.9,0.622123056,0.658123056,0.646123056,0.630123056,0.641123056
44,0.65631069,0.72931069,0.72131069,0.70031069,0.70731069
44.1,0.689200806,0.734200806,0.703200806,0.733200806,0.703200806
44.2,0.720728381,0.722728381,0.806728381,0.722728381,0.777728381
44.3,0.750831085,0.760831085,0.763831085,0.814831085,0.793831085
44.4,0.779449405,0.861449405,0.858449405,0.822449405,0.819449405
44.5,0.806526764,0.854526764,0.853526764,0.877526764,0.869526764
44.6,0.832009631,0.930009631,0.852009631,0.837009631,0.924009631
44.7,0.855847624,0.906847624,0.911847624,0.947847624,0.870847624
44.8,0.877993618,0.878993618,0.892993618,0.977993618,0.954993618
44.9,0.89840383,0.91940383,0.99840383,0.90440383,0.98340383
45,0.917037909,0.981037909,1.012037909,0.956037909,0.917037909
45.1,0.933859016,1.000859016,1.023859016,0.980859016,0.974859016
45.2,0.948833895,0.985833895,1.001833895,0.978833895,0.972833895
45.3,0.961932942,0.963932942,1.049932942,1.043932942,0.974932942
45.4,0.97313026,1.03213026,1.04713026,0.99913026,1.05013026
45.5,0.982403712,0.994403712,1.012403712,1.008403712,1.053403712
45.6,0.989734965,1.009734965,1.061734965,1.066734965,1.006734965
45.7,0.995109524,1.015109524,1.052109524,0.999109524,1.072109524
45.8,0.998516764,1.024516764,1.076516764,1.060516764,1.064516764
45.9,0.99994995,1.05194995,1.06294995,1.03394995,1.08494995
46,0.999406247,1.057406247,1.073406247,1.068406247,1.008406247
46.1,0.996886731,1.034886731,1.075886731,1.076886731,1.075886731
46.2,0.992396383,1.068396383,1.029396383,1.083396383,1.075396383
46.3,0.985944079,1.064944079,1.060944079,1.038944079,1.032944079
46.4,0.977542577,1.041542577,1.068542577,1.055542577,1.058542577
46.5,0.967208486,1.058208486,0.999208486,1.023208486,1.061208486
46.6,0.954962236,0.997962236,1.036962236,0.954962236,0.985962236
46.7,0.940828038,1.020828038,1.000828038,0.968828038,1.038828038
46.8,0.924833835,0.927833835,0.955833835,0.960833835,0.968833835
46.9,0.907011248,0.928011248,0.917011248,0.934011248,1.004011248
47,0.887395511,0.932395511,0.967395511,0.910395511,0.957395511
47.1,0.866025404,0.960025404,0.953025404,0.942025404,0.961025404
47.2,0.842943176,0.877943176,0.897943176,0.855943176,0.871943176
47.3,0.81819446,0.83519446,0.86819446,0.89119446,0.89219446
47.4,0.791828185,0.832828185,0.865828185,0.862828185,0.868828185
47.5,0.763896475,0.785896475,0.846896475,0.831896475,0.816896475
47.6,0.734454552,0.816454552,0.791454552,0.818454552,0.774454552
47.7,0.703560621,0.710560621,0.751560621,0.783560621,0.736560621
47.8,0.67127576,0.68327576,0.71727576,0.73827576,0.68327576
47.9,0.637663796,0.733663796,0.671663796,0.733663796,0.673663796
48,0.602791178,0.643791178,0.629791178,0.628791178,0.664791178
48.1,0.56672685,0.61472685,0.63472685,0.66172685,0.62172685
48.2,0.52954211,0.56054211,0.57354211,0.54654211,0.53654211
48.3,0.491310473,0.513310473,0.538310473,0.583310473,0.505310473
48.4,0.452107521,0.468107521,0.495107521,0.462107521,0.476107521
48.5,0.412010758,0.468010758,0.471010758,0.490010758,0.507010758
48.6,0.371099455,0.410099455,0.408099455,0.441099455,0.437099455
48.7,0.329454493,0.406454493,0.417454493,0.377454493,0.343454493
48.8,0.287158204,0.315158204,0.305158204,0.311158204,0.304158204
48.9,0.244294207,0.288294207,0.316294207,0.287294207,0.339294207
49,0.200947243,0.255947243,0.212947243,0.202947243,0.275947243
49.1,0.157203009,0.230203009,0.248203009,0.213203009,0.163203009
49.2,0.113147987,0.168147987,0.195147987,0.132147987,0.161147987
49.3,0.068869273,0.111869273,0.090869273,0.134869273,0.074869273
49.4,0.024454405,0.118454405,0.059454405,0.103454405,0.100454405
49.5,-0.020008809,-0.013008809,0.035991191,0.005991191,0.071991191
49.6,-0.064432466,-0.031432466,0.00356753400000001,-0.018432466,-0.048432466
49.7,-0.10872874,-0.05672874,-0.05072874,-0.06872874,-0.06572874
49.8,-0.15281006,-0.13881006,-0.07681006,-0.13481006,-0.08781006
49.9,-0.196589275,-0.165589275,-0.157589275,-0.193589275,-0.140589275
50,-0.239979837,-0.167979837,-0.164979837,-0.173979837,-0.206979837
50.1,-0.282895961,-0.224895961,-0.248895961,-0.259895961,-0.266895961
50.2,-0.325252804,-0.306252804,-0.235252804,-0.229252804,-0.317252804
50.3,-0.366966626,-0.366966626,-0.345966626,-0.279966626,-0.332966626
50.4,-0.407954959,-0.325954959,-0.314954959,-0.352954959,-0.399954959
50.5,-0.448136771,-0.398136771,-0.422136771,-0.443136771,-0.415136771
50.6,-0.487432622,-0.393432622,-0.389432622,-0.394432622,-0.430432622
50.7,-0.525764826,-0.459764826,-0.449764826,-0.497764826,-0.518764826
50.8,-0.563057599,-0.555057599,-0.533057599,-0.498057599,-0.555057599
50.9,-0.599237214,-0.518237214,-0.590237214,-0.571237214,-0.581237214
51,-0.634232145,-0.618232145,-0.634232145,-0.583232145,-0.564232145
51.1,-0.667973207,-0.580973207,-0.662973207,-0.635973207,-0.640973207
51.2,-0.700393695,-0.698393695,-0.656393695,-0.697393695,-0.651393695
51.3,-0.731429513,-0.650429513,-0.712429513,-0.717429513,-0.710429513
51.4,-0.761019305,-0.734019305,-0.716019305,-0.681019305,-0.761019305
51.5,-0.789104571,-0.706104571,-0.711104571,-0.690104571,-0.715104571
51.6,-0.815629788,-0.735629788,-0.783629788,-0.731629788,-0.763629788
51.7,-0.840542515,-0.797542515,-0.773542515,-0.840542515,-0.758542515
51.8,-0.8637935,-0.7767935,-0.8017935,-0.8627935,-0.8427935
51.9,-0.885336776,-0.800336776,-0.804336776,-0.876336776,-0.805336776
52,-0.905129753,-0.851129753,-0.866129753,-0.888129753,-0.884129753
52.1,-0.923133301,-0.868133301,-0.898133301,-0.852133301,-0.897133301
52.2,-0.939311825,-0.860311825,-0.901311825,-0.928311825,-0.864311825
52.3,-0.953633342,-0.909633342,-0.934633342,-0.861633342,-0.878633342
52.4,-0.966069538,-0.923069538,-0.946069538,-0.943069538,-0.914069538
52.5,-0.976595827,-0.935595827,-0.953595827,-0.962595827,-0.904595827
52.6,-0.985191399,-0.905191399,-0.980191399,-0.950191399,-0.976191399
52.7,-0.99183926,-0.94583926,-0.91183926,-0.92383926,-0.91283926
52.8,-0.996526268,-0.986526268,-0.918526268,-0.935526268,-0.915526268
52.9,-0.999243155,-0.981243155,-0.974243155,-0.938243155,-0.984243155
53,-0.999984552,-0.991984552,-0.956984552,-0.910984552,-0.961984552
53.1,-0.998748993,-0.938748993,-0.901748993,-0.997748993,-0.910748993
53.2,-0.995538919,-0.958538919,-0.943538919,-0.896538919,-0.926538919
53.3,-0.990360678,-0.980360678,-0.907360678,-0.958360678,-0.912360678
53.4,-0.983224506,-0.908224506,-0.983224506,-0.893224506,-0.956224506
53.5,-0.974144512,-0.922144512,-0.879144512,-0.948144512,-0.909144512
53.6,-0.963138647,-0.948138647,-0.864138647,-0.916138647,-0.935138647
53.7,-0.950228669,-0.887228669,-0.880228669,-0.880228669,-0.865228669
53.8,-0.935440101,-0.913440101,-0.932440101,-0.890440101,-0.909440101
53.9,-0.91880218,-0.82380218,-0.90080218,-0.90280218,-0.87580218
54,-0.9003478,-0.8683478,-0.8513478,-0.8713478,-0.8333478
54.1,-0.880113443,-0.784113443,-0.850113443,-0.866113443,-0.788113443
54.2,-0.858139113,-0.839139113,-0.807139113,-0.802139113,-0.840139113
54.3,-0.834468253,-0.767468253,-0.780468253,-0.799468253,-0.767468253
54.4,-0.80914766,-0.80614766,-0.73414766,-0.79614766,-0.76714766
54.5,-0.782227392,-0.684227392,-0.747227392,-0.719227392,-0.715227392
54.6,-0.753760671,-0.704760671,-0.725760671,-0.690760671,-0.742760671
54.7,-0.723803775,-0.680803775,-0.645803775,-0.685803775,-0.682803775
54.8,-0.692415928,-0.669415928,-0.629415928,-0.613415928,-0.660415928
54.9,-0.659659183,-0.591659183,-0.619659183,-0.631659183,-0.577659183
55,-0.625598301,-0.605598301,-0.612598301,-0.573598301,-0.625598301
55.1,-0.590300619,-0.499300619,-0.492300619,-0.543300619,-0.548300619
55.2,-0.55383592,-0.52883592,-0.52083592,-0.54583592,-0.45483592
55.3,-0.516276295,-0.463276295,-0.498276295,-0.514276295,-0.477276295
55.4,-0.477695998,-0.436695998,-0.449695998,-0.463695998,-0.435695998
55.5,-0.438171303,-0.343171303,-0.428171303,-0.375171303,-0.415171303
55.6,-0.397780348,-0.313780348,-0.309780348,-0.316780348,-0.332780348
55.7,-0.356602987,-0.319602987,-0.280602987,-0.277602987,-0.352602987
55.8,-0.314720626,-0.223720626,-0.255720626,-0.243720626,-0.274720626
55.9,-0.272216066,-0.192216066,-0.226216066,-0.239216066,-0.177216066
56,-0.229173339,-0.217173339,-0.220173339,-0.137173339,-0.228173339
56.1,-0.185677539,-0.129677539,-0.113677539,-0.144677539,-0.139677539
56.2,-0.141814657,-0.045814657,-0.045814657,-0.134814657,-0.068814657
56.3,-0.097671409,-0.048671409,-0.057671409,-0.058671409,-0.023671409
56.4,-0.053335066,-0.034335066,-0.030335066,0.034664934,-0.005335066
56.5,-0.00889328,0.07610672,0.05010672,0.01210672,0.05510672
56.6,0.035566087,0.112566087,0.117566087,0.068566087,0.039566087
56.7,0.079955141,0.111955141,0.093955141,0.101955141,0.087955141
56.8,0.124186125,0.135186125,0.178186125,0.210186125,0.134186125
56.9,0.168171594,0.249171594,0.197171594,0.202171594,0.182171594
57,0.21182459,0.27582459,0.22982459,0.29082459,0.21282459
57.1,0.255058812,0.302058812,0.333058812,0.274058812,0.301058812
57.2,0.297788786,0.392788786,0.353788786,0.393788786,0.389788786
57.3,0.339930035,0.368930035,0.408930035,0.427930035,0.350930035
57.4,0.381399246,0.399399246,0.475399246,0.457399246,0.389399246
57.5,0.422114437,0.473114437,0.488114437,0.453114437,0.444114437
57.6,0.461995112,0.465995112,0.535995112,0.521995112,0.497995112
57.7,0.500962429,0.540962429,0.581962429,0.541962429,0.563962429
57.8,0.53893935,0.56693935,0.58093935,0.63093935,0.54493935
57.9,0.575850795,0.589850795,0.608850795,0.613850795,0.617850795
58,0.61162379,0.68662379,0.66462379,0.67462379,0.62662379
58.1,0.646187612,0.688187612,0.724187612,0.652187612,0.663187612
58.2,0.67947393,0.69147393,0.71447393,0.73347393,0.77747393
58.3,0.711416937,0.798416937,0.780416937,0.722416937,0.792416937
58.4,0.741953482,0.809953482,0.780953482,0.820953482,0.754953482
58.5,0.771023194,0.849023194,0.819023194,0.778023194,0.828023194
58.6,0.798568603,0.839568603,0.891568603,0.808568603,0.858568603
58.7,0.824535252,0.850535252,0.886535252,0.885535252,0.829535252
58.8,0.848871806,0.915871806,0.945871806,0.936871806,0.932871806
58.9,0.871530151,0.899530151,0.957530151,0.902530151,0.949530151
59,0.892465492,0.918465492,0.895465492,0.954465492,0.968465492
59.1,0.91163644,0.95863644,1.00163644,0.98363644,0.97063644
59.2,0.929005095,0.952005095,0.940005095,0.937005095,1.020005095
59.3,0.944537118,0.949537118,1.042537118,0.998537118,1.025537118
59.4,0.958201804,0.992201804,0.981201804,1.028201804,0.995201804
59.5,0.969972137,0.978972137,1.017972137,1.061972137,1.021972137
59.6,0.979824847,1.033824847,1.023824847,1.074824847,1.060824847
59.7,0.987740457,1.058740457,1.000740457,1.044740457,1.086740457
59.8,0.993703316,1.063703316,1.015703316,1.070703316,1.085703316
59.9,0.997701637,1.067701637,1.073701637,1.068701637,1.014701637
60,0.999727514,1.026727514,1.072727514,1.059727514,1.025727514
60.1,0.999776943,1.013776943,1.013776943,1.024776943,1.089776943
60.2,0.997849825,1.004849825,1.041849825,1.086849825,1.061849825
60.3,0.993949971,1.091949971,1.011949971,1.050949971,1.064949971
60.4,0.988085091,1.058085091,1.053085091,0.988085091,1.080085091
60.5,0.98026678,0.99026678,1.02526678,1.01226678,0.99826678
60.6,0.970510493,1.055510493,1.051510493,1.003510493,1.023510493
60.7,0.95883552,0.99783552,1.01483552,0.98083552,0.99683552
60.8,0.945264941,1.017264941,0.952264941,0.956264941,1.045264941
60.9,0.929825586,1.006825586,0.937825586,0.963825586,1.024825586
61,0.912547977,0.932547977,0.953547977,0.918547977,0.926547977
61.1,0.893466273,0.963466273,0.933466273,0.979466273,0.969466273
61.2,0.872618197,0.929618197,0.927618197,0.888618197,0.891618197
61.3,0.850044966,0.889044966,0.927044966,0.929044966,0.920044966
61.4,0.825791208,0.906791208,0.854791208,0.841791208,0.847791208
61.5,0.79990487,0.80690487,0.85790487,0.88590487,0.87390487
61.6,0.772437131,0.780437131,0.860437131,0.827437131,0.853437131
61.7,0.743442294,0.825442294,0.817442294,0.747442294,0.771442294
61.8,0.712977681,0.766977681,0.770977681,0.796977681,0.724977681
61.9,0.68110352,0.73510352,0.72710352,0.70110352,0.76610352
62,0.647882826,0.675882826,0.698882826,0.694882826,0.665882826
62.1,0.613381277,0.700381277,0.624381277,0.657381277,0.625381277
62.2,0.57766708,0.67066708,0.65066708,0.65966708,0.63766708
62.3,0.540810843,0.556810843,0.610810843,0.547810843,0.604810843
62.4,0.50288543,0.54688543,0.59688543,0.52288543,0.52888543
62.5,0.463965818,0.519965818,0.533965818,0.518965818,0.489965818
62.6,0.424128953,0.500128953,0.502128953,0.500128953,0.425128953
62.7,0.383453589,0.465453589,0.420453589,0.432453589,0.466453589
62.8,0.342020143,0.379020143,0.438020143,0.401020143,0.371020143
62.9,0.299910528,0.368910528,0.312910528,0.333910528,0.320910528
63,0.257207993,0.272207993,0.257207993,0.301207993,0.324207993
63.1,0.213996961,0.279996961,0.266996961,0.305996961,0.302996961
63.2,0.170362861,0.177362861,0.267362861,0.216362861,0.198362861
63.3,0.126391954,0.141391954,0.147391954,0.178391954,0.134391954
63.4,0.082171173,0.093171173,0.162171173,0.131171173,0.161171173
63.5,0.03778794,0.11178794,0.04778794,0.05678794,0.13378794
63.6,-0.006669999,-0.002669999,0.091330001,-0.004669999,0.049330001
63.7,-0.051114751,-0.028114751,0.008885249,0.014885249,-0.011114751
63.8,-0.09545845,-0.08245845,-0.04945845,-0.04345845,-0.06645845
63.9,-0.13961343,-0.11461343,-0.08561343,-0.04161343,-0.12361343
64,-0.183492395,-0.154492395,-0.133492395,-0.112492395,-0.151492395
64.1,-0.227008598,-0.183008598,-0.199008598,-0.141008598,-0.153008598
64.2,-0.270076008,-0.254076008,-0.204076008,-0.181076008,-0.188076008
64.3,-0.312609481,-0.306609481,-0.295609481,-0.262609481,-0.254609481
64.4,-0.354524929,-0.322524929,-0.271524929,-0.322524929,-0.337524929
64.5,-0.395739486,-0.332739486,-0.300739486,-0.351739486,-0.390739486
64.6,-0.436171671,-0.379171671,-0.428171671,-0.408171671,-0.390171671
64.7,-0.475741551,-0.416741551,-0.379741551,-0.447741551,-0.455741551
64.8,-0.514370895,-0.446370895,-0.503370895,-0.466370895,-0.501370895
64.9,-0.551983335,-0.501983335,-0.484983335,-0.529983335,-0.542983335
65,-0.588504511,-0.556504511,-0.499504511,-0.548504511,-0.547504511
65.1,-0.623862221,-0.608862221,-0.568862221,-0.582862221,-0.570862221
65.2,-0.657986563,-0.589986563,-0.609986563,-0.638986563,-0.573986563
65.3,-0.690810074,-0.638810074,-0.684810074,-0.621810074,-0.600810074
65.4,-0.722267863,-0.711267863,-0.653267863,-0.661267863,-0.702267863
65.5,-0.752297737,-0.695297737,-0.661297737,-0.689297737,-0.661297737
65.6,-0.780840329,-0.741840329,-0.689840329,-0.687840329,-0.686840329
65.7,-0.807839209,-0.738839209,-0.757839209,-0.801839209,-0.743839209
65.8,-0.833241001,-0.821241001,-0.830241001,-0.752241001,-0.744241001
65.9,-0.856995487,-0.820995487,-0.820995487,-0.758995487,-0.762995487
66,-0.879055703,-0.866055703,-0.818055703,-0.808055703,-0.785055703
66.1,-0.899378038,-0.891378038,-0.820378038,-0.810378038,-0.855378038
66.2,-0.917922314,-0.874922314,-0.900922314,-0.836922314,-0.870922314
66.3,-0.934651869,-0.924651869,-0.888651869,-0.898651869,-0.873651869
66.4,-0.949533629,-0.869533629,-0.903533629,-0.911533629,-0.881533629
66.5,-0.962538174,-0.911538174,-0.891538174,-0.938538174,-0.958538174
66.6,-0.973639793,-0.879639793,-0.973639793,-0.899639793,-0.876639793
66.7,-0.982816538,-0.904816538,-0.883816538,-0.974816538,-0.916816538
66.8,-0.990050268,-0.932050268,-0.951050268,-0.948050268,-0.895050268
66.9,-0.995326681,-0.995326681,-0.905326681,-0.941326681,-0.935326681
67,-0.998635347,-0.940635347,-0.985635347,-0.962635347,-0.941635347
67.1,-0.999969723,-0.938969723,-0.998969723,-0.949969723,-0.938969723
67.2,-0.999327171,-0.932327171,-0.985327171,-0.940327171,-0.914327171
67.3,-0.996708963,-0.916708963,-0.907708963,-0.985708963,-0.963708963
67.4,-0.992120274,-0.919120274,-0.953120274,-0.967120274,-0.932120274
67.5,-0.985570175,-0.896570175,-0.943570175,-0.962570175,-0.890570175
67.6,-0.977071617,-0.882071617,-0.882071617,-0.890071617,-0.968071617
67.7,-0.966641401,-0.866641401,-0.879641401,-0.869641401,-0.950641401
67.8,-0.954300148,-0.928300148,-0.895300148,-0.937300148,-0.872300148
67.9,-0.940072255,-0.891072255,-0.891072255,-0.866072255,-0.853072255
68,-0.923985852,-0.859985852,-0.921985852,-0.863985852,-0.902985852
68.1,-0.90607274,-0.83107274,-0.82307274,-0.87007274,-0.89107274
68.2,-0.886368334,-0.831368334,-0.866368334,-0.884368334,-0.847368334
68.3,-0.86491159,-0.85091159,-0.78391159,-0.78791159,-0.79191159
68.4,-0.841744926,-0.760744926,-0.757744926,-0.749744926,-0.791744926
68.5,-0.816914143,-0.771914143,-0.800914143,-0.732914143,-0.814914143
68.6,-0.790468332,-0.764468332,-0.780468332,-0.746468332,-0.765468332
68.7,-0.762459774,-0.667459774,-0.752459774,-0.757459774,-0.662459774
68.8,-0.732943844,-0.701943844,-0.636943844,-0.685943844,-0.727943844
68.9,-0.701978893,-0.634978893,-0.650978893,-0.630978893,-0.616978893
69,-0.669626139,-0.602626139,-0.617626139,-0.638626139,-0.646626139
69.1,-0.635949542,-0.612949542,-0.602949542,-0.627949542,-0.617949542
69.2,-0.601015681,-0.503015681,-0.532015681,-0.559015681,-0.514015681
69.3,-0.564893621,-0.529893621,-0.492893621,-0.464893621,-0.482893621
69.4,-0.527654772,-0.500654772,-0.517654772,-0.471654772,-0.466654772
69.5,-0.489372757,-0.406372757,-0.472372757,-0.404372757,-0.416372757
69.6,-0.450123258,-0.417123258,-0.380123258,-0.370123258,-0.374123258
69.7,-0.409983872,-0.328983872,-0.391983872,-0.344983872,-0.379983872
69.8,-0.369033952,-0.361033952,-0.350033952,-0.347033952,-0.283033952
69.9,-0.327354457,-0.284354457,-0.239354457,-0.228354457,-0.242354457
70,-0.285027787,-0.278027787,-0.203027787,-0.214027787,-0.203027787
70.1,-0.24213762,-0.22313762,-0.19613762,-0.20813762,-0.18713762
70.2,-0.198768751,-0.125768751,-0.144768751,-0.197768751,-0.139768751
70.3,-0.155006918,-0.067006918,-0.087006918,-0.102006918,-0.076006918
70.4,-0.110938638,-0.080938638,-0.099938638,-0.070938638,-0.072938638
70.5,-0.066651034,-0.066651034,-0.018651034,-0.027651034,-0.036651034
70.6,-0.022231662,0.058768338,-0.013231662,0.035768338,0.033768338
70.7,0.022231662,0.027231662,0.079231662,0.105231662,0.025231662
70.8,0.066651034,0.121651034,0.160651034,0.081651034,0.106651034
70.9,0.110938638,0.140938638,0.119938638,0.169938638,0.167938638
71,0.155006918,0.186006918,0.210006918,0.170006918,0.255006918
71.1,0.198768751,0.257768751,0.234768751,0.211768751,0.240768751
71.2,0.24213762,0.29513762,0.34113762,0.31713762,0.24413762
71.3,0.285027787,0.287027787,0.339027787,0.291027787,0.293027787
71.4,0.327354457,0.366354457,0.398354457,0.359354457,0.400354457
71.5,0.369033952,0.456033952,0.448033952,0.385033952,0.373033952
71.6,0.409983872,0.461983872,0.484983872,0.414983872,0.426983872
71.7,0.450123258,0.455123258,0.543123258,0.452123258,0.490123258
71.8,0.489372757,0.490372757,0.521372757,0.573372757,0.560372757
71.9,0.527654772,0.566654772,0.538654772,0.580654772,0.626654772
72,0.564893621,0.582893621,0.576893621,0.584893621,0.642893621
72.1,0.601015681,0.640015681,0.689015681,0.670015681,0.652015681
72.2,0.635949542,0.671949542,0.712949542,0.682949542,0.664949542
72.3,0.669626139,0.686626139,0.717626139,0.693626139,0.741626139
72.4,0.701978893,0.703978893,0.716978893,0.784978893,0.739978893
72.5,0.732943844,0.815943844,0.745943844,0.812943844,0.821943844
72.6,0.762459774,0.856459774,0.787459774,0.801459774,0.767459774
72.7,0.790468332,0.807468332,0.867468332,0.871468332,0.812468332
72.8,0.816914143,0.896914143,0.888914143,0.836914143,0.836914143
72.9,0.841744926,0.912744926,0.848744926,0.845744926,0.911744926
73,0.86491159,0.90891159,0.87891159,0.94791159,0.93991159
73.1,0.886368334,0.917368334,0.972368334,0.956368334,0.917368334
73.2,0.90607274,0.99407274,0.95807274,0.93107274,1.00407274
73.3,0.923985852,1.014985852,0.932985852,0.946985852,1.002985852
73.4,0.940072255,0.987072255,0.994072255,0.987072255,1.001072255
73.5,0.954300148,1.001300148,1.005300148,1.029300148,1.013300148
73.6,0.966641401,1.032641401,1.012641401,0.970641401,0.973641401
73.7,0.977071617,1.012071617,1.076071617,1.031071617,1.041071617
73.8,0.985570175,1.080570175,0.996570175,1.078570175,1.022570175
73.9,0.992120274,1.046120274,1.021120274,1.048120274,1.053120274
74,0.996708963,1.020708963,1.052708963,1.008708963,1.037708963
74.1,0.999327171,1.083327171,1.010327171,1.011327171,1.018327171
74.2,0.999969723,1.099969723,1.001969723,1.065969723,1.088969723
74.3,0.998635347,1.026635347,1.070635347,1.068635347,1.004635347
74.4,0.995326681,1.002326681,1.017326681,1.027326681,0.996326681
74.5,0.990050268,0.994050268,1.045050268,1.078050268,1.069050268
74.6,0.982816538,0.982816538,0.986816538,1.082816538,1.006816538
74.7,0.973639793,1.000639793,1.056639793,0.975639793,1.060639793
74.8,0.962538174,0.990538174,1.015538174,1.035538174,0.964538174
74.9,0.949533629,0.967533629,1.007533629,1.049533629,1.017533629
75,0.934651869,1.003651869,0.978651869,1.000651869,1.033651869
75.1,0.917922314,0.920922314,0.994922314,0.937922314,1.017922314
75.2,0.899378038,0.992378038,0.922378038,0.905378038,0.933378038
75.3,0.879055703,0.943055703,0.898055703,0.914055703,0.979055703
75.4,0.856995487,0.869995487,0.890995487,0.885995487,0.919995487
75.5,0.833241001,0.910241001,0.833241001,0.890241001,0.903241001
75.6,0.807839209,0.828839209,0.829839209,0.859839209,0.895839209
75.7,0.780840329,0.869840329,0.825840329,0.849840329,0.849840329
75.8,0.752297737,0.786297737,0.812297737,0.794297737,0.758297737
75.9,0.722267863,0.816267863,0.760267863,0.787267863,0.722267863
76,0.690810074,0.748810074,0.701810074,0.719810074,0.701810074
76.1,0.657986563,0.724986563,0.702986563,0.688986563,0.666986563
76.2,0.623862221,0.722862221,0.655862221,0.703862221,0.626862221
76.3,0.588504511,0.677504511,0.687504511,0.602504511,0.607504511
76.4,0.551983335,0.635983335,0.650983335,0.623983335,0.592983335
76.5,0.514370895,0.593370895,0.524370895,0.580370895,0.564370895
76.6,0.475741551,0.526741551,0.535741551,0.544741551,0.525741551
76.7,0.436171671,0.474171671,0.496171671,0.437171671,0.499171671
76.8,0.395739486,0.478739486,0.408739486,0.437739486,0.445739486
76.9,0.354524929,0.355524929,0.376524929,0.399524929,0.359524929
77,0.312609481,0.355609481,0.393609481,0.405609481,0.323609481
77.1,0.270076008,0.284076008,0.342076008,0.319076008,0.317076008
77.2,0.227008598,0.246008598,0.306008598,0.276008598,0.319008598
77.3,0.183492395,0.189492395,0.218492395,0.231492395,0.198492395
77.4,0.13961343,0.22461343,0.20461343,0.21161343,0.14861343
77.5,0.09545845,0.18245845,0.18345845,0.16545845,0.14145845
77.6,0.051114751,0.097114751,0.113114751,0.145114751,0.054114751
77.7,0.006669999,0.011669999,0.042669999,0.048669999,0.046669999
77.8,-0.03778794,-0.01178794,0.05221206,-0.02178794,-0.02878794
77.9,-0.082171173,-0.064171173,-0.059171173,-0.006171173,-0.012171173
78,-0.126391954,-0.089391954,-0.103391954,-0.029391954,-0.032391954
78.1,-0.170362861,-0.142362861,-0.165362861,-0.137362861,-0.082362861
78.2,-0.213996961,-0.201996961,-0.199996961,-0.211996961,-0.142996961
78.3,-0.257207993,-0.235207993,-0.207207993,-0.177207993,-0.244207993
78.4,-0.299910528,-0.258910528,-0.280910528,-0.243910528,-0.200910528
78.5,-0.342020143,-0.342020143,-0.336020143,-0.341020143,-0.288020143
78.6,-0.383453589,-0.332453589,-0.291453589,-0.383453589,-0.337453589
78.7,-0.424128953,-0.373128953,-0.415128953,-0.327128953,-0.423128953
78.8,-0.463965818,-0.397965818,-0.380965818,-0.438965818,-0.408965818
78.9,-0.50288543,-0.45088543,-0.42588543,-0.48388543,-0.48988543
79,-0.540810843,-0.473810843,-0.472810843,-0.513810843,-0.454810843
79.1,-0.57766708,-0.55766708,-0.49166708,-0.57466708,-0.47966708
79.2,-0.613381277,-0.537381277,-0.548381277,-0.560381277,-0.540381277
79.3,-0.647882826,-0.632882826,-0.587882826,-0.617882826,-0.622882826
79.4,-0.68110352,-0.62310352,-0.62410352,-0.68010352,-0.62610352
79.5,-0.712977681,-0.690977681,-0.679977681,-0.645977681,-0.628977681
79.6,-0.743442294,-0.676442294,-0.683442294,-0.717442294,-0.706442294
79.7,-0.772437131,-0.748437131,-0.687437131,-0.672437131,-0.676437131
79.8,-0.79990487,-0.74990487,-0.75490487,-0.77390487,-0.71890487
79.9,-0.825791208,-0.766791208,-0.762791208,-0.819791208,-0.790791208
80,-0.850044966,-0.771044966,-0.777044966,-0.826044966,-0.826044966
80.1,-0.872618197,-0.822618197,-0.790618197,-0.866618197,-0.865618197
80.2,-0.893466273,-0.842466273,-0.801466273,-0.819466273,-0.836466273
80.3,-0.912547977,-0.893547977,-0.851547977,-0.841547977,-0.838547977
80.4,-0.929825586,-0.832825586,-0.901825586,-0.910825586,-0.900825586
80.5,-0.945264941,-0.874264941,-0.913264941,-0.872264941,-0.897264941
80.6,-0.95883552,-0.88883552,-0.95283552,-0.87383552,-0.90683552
80.7,-0.970510493,-0.870510493,-0.887510493,-0.895510493,-0.970510493
80.8,-0.98026678,-0.96426678,-0.89726678,-0.89526678,-0.92226678
80.9,-0.988085091,-0.895085091,-0.925085091,-0.969085091,-0.975085091
81,-0.993949971,-0.930949971,-0.956949971,-0.920949971,-0.938949971
81.1,-0.997849825,-0.996849825,-0.968849825,-0.952849825,-0.924849825
81.2,-0.999776943,-0.988776943,-0.972776943,-0.921776943,-0.960776943
81.3,-0.999727514,-0.934727514,-0.926727514,-0.982727514,-0.953727514
81.4,-0.997701637,-0.917701637,-0.990701637,-0.926701637,-0.978701637
81.5,-0.993703316,-0.946703316,-0.946703316,-0.898703316,-0.948703316
81.6,-0.987740457,-0.933740457,-0.983740457,-0.964740457,-0.973740457
81.7,-0.979824847,-0.967824847,-0.935824847,-0.879824847,-0.932824847
81.8,-0.969972137,-0.952972137,-0.909972137,-0.894972137,-0.897972137
81.9,-0.958201804,-0.957201804,-0.860201804,-0.938201804,-0.896201804
82,-0.944537118,-0.910537118,-0.845537118,-0.893537118,-0.881537118
82.1,-0.929005095,-0.844005095,-0.884005095,-0.866005095,-0.853005095
82.2,-0.91163644,-0.83463644,-0.86763644,-0.90963644,-0.85563644
82.3,-0.892465492,-0.811465492,-0.814465492,-0.823465492,-0.826465492
82.4,-0.871530151,-0.846530151,-0.781530151,-0.834530151,-0.782530151
82.5,-0.848871806,-0.766871806,-0.822871806,-0.774871806,-0.757871806
82.6,-0.824535252,-0.790535252,-0.757535252,-0.799535252,-0.806535252
82.7,-0.798568603,-0.781568603,-0.708568603,-0.698568603,-0.726568603
82.8,-0.771023194,-0.684023194,-0.680023194,-0.760023194,-0.747023194
82.9,-0.741953482,-0.716953482,-0.671953482,-0.698953482,-0.682953482
83,-0.711416937,-0.644416937,-0.691416937,-0.676416937,-0.621416937
83.1,-0.67947393,-0.66447393,-0.67047393,-0.67847393,-0.58247393
83.2,-0.646187612,-0.579187612,-0.588187612,-0.610187612,-0.640187612
83.3,-0.61162379,-0.54762379,-0.58162379,-0.59062379,-0.56762379
83.4,-0.575850795,-0.522850795,-0.481850795,-0.495850795,-0.532850795
83.5,-0.53893935,-0.51893935,-0.50993935,-0.47893935,-0.45893935
83.6,-0.500962429,-0.463962429,-0.423962429,-0.494962429,-0.400962429
83.7,-0.461995112,-0.419995112,-0.379995112,-0.451995112,-0.412995112
83.8,-0.422114437,-0.345114437,-0.391114437,-0.324114437,-0.372114437
83.9,-0.381399246,-0.363399246,-0.356399246,-0.324399246,-0.357399246
84,-0.339930035,-0.303930035,-0.265930035,-0.308930035,-0.322930035
84.1,-0.297788786,-0.252788786,-0.200788786,-0.217788786,-0.248788786
84.2,-0.255058812,-0.245058812,-0.227058812,-0.231058812,-0.232058812
84.3,-0.21182459,-0.15782459,-0.13582459,-0.15682459,-0.16382459
84.4,-0.168171594,-0.088171594,-0.162171594,-0.120171594,-0.163171594
84.5,-0.124186125,-0.065186125,-0.075186125,-0.064186125,-0.074186125
84.6,-0.079955141,-0.029955141,-0.021955141,-0.060955141,0.014044859
84.7,-0.035566087,0.028433913,0.048433913,-0.033566087,0.028433913
84.8,0.00889328,0.10289328,0.08789328,0.03389328,0.06189328
84.9,0.053335066,0.125335066,0.126335066,0.074335066,0.114335066
85,0.097671409,0.100671409,0.168671409,0.169671409,0.168671409
85.1,0.141814657,0.198814657,0.240814657,0.213814657,0.153814657
85.2,0.185677539,0.216677539,0.247677539,0.242677539,0.277677539
85.3,0.229173339,0.290173339,0.294173339,0.302173339,0.273173339
85.4,0.272216066,0.351216066,0.317216066,0.356216066,0.281216066
85.5,0.314720626,0.350720626,0.398720626,0.395720626,0.406720626
85.6,0.356602987,0.450602987,0.415602987,0.428602987,0.442602987
85.7,0.397780348,0.424780348,0.449780348,0.484780348,0.425780348
85.8,0.438171303,0.480171303,0.508171303,0.441171303,0.483171303
85.9,0.477695998,0.529695998,0.539695998,0.487695998,0.505695998
86,0.516276295,0.580276295,0.579276295,0.580276295,0.569276295
86.1,0.55383592,0.58883592,0.60583592,0.57383592,0.60183592
86.2,0.590300619,0.650300619,0.622300619,0.667300619,0.609300619
86.3,0.625598301,0.675598301,0.654598301,0.679598301,0.687598301
86.4,0.659659183,0.753659183,0.750659183,0.707659183,0.673659183
86.5,0.692415928,0.751415928,0.716415928,0.748415928,0.761415928
86.6,0.723803775,0.757803775,0.735803775,0.778803775,0.748803775
86.7,0.753760671,0.789760671,0.840760671,0.819760671,0.814760671
86.8,0.782227392,0.793227392,0.864227392,0.786227392,0.787227392
86.9,0.80914766,0.85214766,0.81914766,0.88214766,0.88714766
87,0.834468253,0.889468253,0.915468253,0.858468253,0.871468253
87.1,0.858139113,0.871139113,0.921139113,0.931139113,0.926139113
87.2,0.880113443,0.925113443,0.891113443,0.931113443,0.952113443
87.3,0.9003478,0.9723478,0.9843478,0.9563478,0.9263478
87.4,0.91880218,0.99180218,0.96080218,0.97980218,0.94380218
87.5,0.935440101,1.015440101,0.959440101,0.993440101,1.010440101
87.6,0.950228669,1.030228669,1.012228669,1.007228669,0.963228669
87.7,0.963138647,1.025138647,1.019138647,0.986138647,1.056138647
87.8,0.974144512,1.012144512,0.987144512,1.015144512,1.074144512
87.9,0.983224506,1.046224506,1.021224506,1.077224506,1.058224506
88,0.990360678,1.061360678,1.086360678,1.072360678,1.068360678
88.1,0.995538919,1.019538919,1.052538919,1.092538919,1.007538919
88.2,0.998748993,1.011748993,1.043748993,1.016748993,1.041748993
88.3,0.999984552,1.068984552,1.059984552,1.023984552,1.015984552
88.4,0.999243155,1.097243155,1.040243155,1.036243155,1.057243155
88.5,0.996526268,1.011526268,1.064526268,1.095526268,1.085526268
88.6,0.99183926,1.07883926,1.05983926,1.01983926,1.03283926
88.7,0.985191399,1.008191399,0.988191399,1.004191399,1.059191399
88.8,0.976595827,0.984595827,1.041595827,1.010595827,1.038595827
88.9,0.966069538,1.032069538,1.044069538,1.029069538,1.060069538
89,0.953633342,0.989633342,1.021633342,0.956633342,1.002633342
89.1,0.939311825,0.957311825,0.996311825,1.014311825,1.021311825
89.2,0.923133301,0.966133301,1.006133301,1.016133301,0.969133301
89.3,0.905129753,0.982129753,0.997129753,0.959129753,0.964129753
89.4,0.885336776,0.941336776,0.939336776,0.981336776,0.895336776
89.5,0.8637935,0.9377935,0.8827935,0.9047935,0.8867935
89.6,0.840542515,0.848542515,0.867542515,0.913542515,0.860542515
89.7,0.815629788,0.821629788,0.827629788,0.868629788,0.843629788
89.8,0.789104571,0.803104571,0.852104571,0.815104571,0.885104571
89.9,0.761019305,0.771019305,0.781019305,0.820019305,0.803019305
90,0.731429513,0.758429513,0.779429513,0.731429513,0.741429513
90.1,0.700393695,0.793393695,0.743393695,0.751393695,0.786393695
90.2,0.667973207,0.762973207,0.727973207,0.734973207,0.756973207
90.3,0.634232145,0.671232145,0.659232145,0.642232145,0.640232145
90.4,0.599237214,0.681237214,0.638237214,0.638237214,0.663237214
90.5,0.563057599,0.612057599,0.597057599,0.636057599,0.577057599
90.6,0.525764826,0.525764826,0.562764826,0.569764826,0.554764826
90.7,0.487432622,0.514432622,0.572432622,0.586432622,0.521432622
90.8,0.448136771,0.505136771,0.488136771,0.454136771,0.536136771
90.9,0.407954959,0.485954959,0.498954959,0.470954959,0.442954959
91,0.366966626,0.377966626,0.448966626,0.412966626,0.440966626
91.1,0.325252804,0.409252804,0.400252804,0.371252804,0.358252804
91.2,0.282895961,0.318895961,0.303895961,0.347895961,0.347895961
91.3,0.239979837,0.282979837,0.289979837,0.306979837,0.318979837
91.4,0.196589275,0.250589275,0.238589275,0.201589275,0.260589275
91.5,0.15281006,0.21781006,0.22781006,0.18681006,0.22281006
91.6,0.10872874,0.16072874,0.16472874,0.17472874,0.17572874
91.7,0.064432466,0.072432466,0.103432466,0.076432466,0.128432466
91.8,0.020008809,0.097008809,0.111008809,0.111008809,0.072008809
91.9,-0.024454405,0.061545595,-0.003454405,0.000545595000000003,-0.007454405
92,-0.068869273,-0.067869273,-0.060869273,-0.010869273,0.015130727
92.1,-0.113147987,-0.060147987,-0.078147987,-0.037147987,-0.048147987
92.2,-0.157203009,-0.155203009,-0.122203009,-0.142203009,-0.101203009
92.3,-0.200947243,-0.196947243,-0.108947243,-0.138947243,-0.173947243
92.4,-0.244294207,-0.229294207,-0.196294207,-0.175294207,-0.185294207
92.5,-0.287158204,-0.263158204,-0.198158204,-0.274158204,-0.236158204
92.6,-0.329454493,-0.325454493,-0.250454493,-0.240454493,-0.328454493
92.7,-0.371099455,-0.364099455,-0.356099455,-0.285099455,-0.286099455
92.8,-0.412010758,-0.352010758,-0.375010758,-0.327010758,-0.345010758
92.9,-0.452107521,-0.439107521,-0.387107521,-0.419107521,-0.398107521
93,-0.491310473,-0.436310473,-0.455310473,-0.432310473,-0.414310473
93.1,-0.52954211,-0.46354211,-0.47254211,-0.52754211,-0.44454211
93.2,-0.56672685,-0.48772685,-0.51272685,-0.53072685,-0.46872685
93.3,-0.602791178,-0.542791178,-0.551791178,-0.532791178,-0.525791178
93.4,-0.637663796,-0.607663796,-0.601663796,-0.573663796,-0.595663796
93.5,-0.67127576,-0.66927576,-0.62627576,-0.63127576,-0.63527576
93.6,-0.703560621,-0.629560621,-0.679560621,-0.622560621,-0.675560621
93.7,-0.734454552,-0.651454552,-0.639454552,-0.665454552,-0.733454552
93.8,-0.763896475,-0.723896475,-0.673896475,-0.752896475,-0.748896475
93.9,-0.791828185,-0.750828185,-0.742828185,-0.746828185,-0.731828185
94,-0.81819446,-0.79319446,-0.74919446,-0.79319446,-0.81019446
94.1,-0.842943176,-0.839943176,-0.797943176,-0.827943176,-0.745943176
94.2,-0.866025404,-0.802025404,-0.842025404,-0.844025404,-0.803025404
94.3,-0.887395511,-0.852395511,-0.876395511,-0.882395511,-0.862395511
94.4,-0.907011248,-0.892011248,-0.831011248,-0.828011248,-0.845011248
94.5,-0.924833835,-0.907833835,-0.857833835,-0.861833835,-0.914833835
94.6,-0.940828038,-0.863828038,-0.909828038,-0.914828038,-0.843828038
94.7,-0.954962236,-0.893962236,-0.881962236,-0.910962236,-0.879962236
94.8,-0.967208486,-0.868208486,-0.938208486,-0.964208486,-0.882208486
94.9,-0.977542577,-0.931542577,-0.976542577,-0.911542577,-0.899542577
95,-0.985944079,-0.900944079,-0.930944079,-0.978944079,-0.938944079
95.1,-0.992396383,-0.976396383,-0.988396383,-0.950396383,-0.970396383
95.2,-0.996886731,-0.897886731,-0.910886731,-0.929886731,-0.983886731
95.3,-0.999406247,-0.998406247,-0.926406247,-0.968406247,-0.909406247
95.4,-0.99994995,-0.99394995,-0.98494995,-0.92194995,-0.95594995
95.5,-0.998516764,-0.920516764,-0.910516764,-0.981516764,-0.948516764
95.6,-0.995109524,-0.904109524,-0.939109524,-0.976109524,-0.939109524
95.7,-0.989734965,-0.903734965,-0.986734965,-0.924734965,-0.980734965
95.8,-0.982403712,-0.931403712,-0.916403712,-0.933403712,-0.899403712
95.9,-0.97313026,-0.89513026,-0.95713026,-0.87313026,-0.93513026
96,-0.961932942,-0.905932942,-0.906932942,-0.955932942,-0.888932942
96.1,-0.948833895,-0.900833895,-0.916833895,-0.943833895,-0.857833895
96.2,-0.933859016,-0.887859016,-0.896859016,-0.932859016,-0.906859016
96.3,-0.917037909,-0.871037909,-0.845037909,-0.910037909,-0.819037909
96.4,-0.89840383,-0.82840383,-0.86740383,-0.86140383,-0.83240383
96.5,-0.877993618,-0.873993618,-0.827993618,-0.829993618,-0.813993618
96.6,-0.855847624,-0.841847624,-0.837847624,-0.848847624,-0.811847624
96.7,-0.832009631,-0.754009631,-0.825009631,-0.828009631,-0.790009631
96.8,-0.806526764,-0.795526764,-0.772526764,-0.725526764,-0.734526764
96.9,-0.779449405,-0.745449405,-0.759449405,-0.736449405,-0.691449405
97,-0.750831085,-0.749831085,-0.693831085,-0.727831085,-0.678831085
97.1,-0.720728381,-0.671728381,-0.646728381,-0.711728381,-0.680728381
97.2,-0.689200806,-0.632200806,-0.637200806,-0.600200806,-0.605200806
97.3,-0.65631069,-0.64131069,-0.65331069,-0.60531069,-0.61931069
97.4,-0.622123056,-0.529123056,-0.592123056,-0.577123056,-0.529123056
97.5,-0.586705493,-0.516705493,-0.493705493,-0.493705493,-0.565705493
97.6,-0.550128021,-0.542128021,-0.478128021,-0.484128021,-0.548128021
97.7,-0.512462953,-0.482462953,-0.497462953,-0.452462953,-0.446462953
97.8,-0.473784752,-0.464784752,-0.456784752,-0.398784752,-0.399784752
97.9,-0.434169884,-0.377169884,-0.387169884,-0.379169884,-0.421169884
98,-0.393696668,-0.328696668,-0.351696668,-0.393696668,-0.356696668
98.1,-0.35244512,-0.33544512,-0.31444512,-0.33644512,-0.26444512
98.2,-0.310496791,-0.262496791,-0.236496791,-0.224496791,-0.274496791
98.3,-0.267934615,-0.180934615,-0.236934615,-0.241934615,-0.210934615
98.4,-0.224842735,-0.194842735,-0.150842735,-0.182842735,-0.156842735
98.5,-0.181306344,-0.165306344,-0.155306344,-0.098306344,-0.129306344
98.6,-0.137411512,-0.069411512,-0.069411512,-0.114411512,-0.077411512
98.7,-0.09324502,-0.08424502,-0.08124502,-0.04524502,0.00575498000000001
98.8,-0.048894184,0.021105816,-0.044894184,-0.009894184,0.008105816
98.9,-0.004446684,-0.000446684,0.035553316,-0.000446684,0.082553316
99,0.040009607,0.073009607,0.073009607,0.085009607,0.132009607
99.1,0.084386799,0.127386799,0.162386799,0.140386799,0.162386799
99.2,0.128597159,0.138597159,0.197597159,0.156597159,0.160597159
99.3,0.172553285,0.198553285,0.267553285,0.182553285,0.180553285
99.4,0.216168275,0.216168275,0.228168275,0.296168275,0.216168275
99.5,0.259355903,0.264355903,0.283355903,0.337355903,0.350355903
99.6,0.302030787,0.336030787,0.365030787,0.322030787,0.402030787
99.7,0.344108561,0.403108561,0.396108561,0.427108561,0.389108561
99.8,0.385506037,0.479506037,0.451506037,0.419506037,0.437506037
99.9,0.426141372,0.467141372,0.464141372,0.442141372,0.508141372
100,0.465934231,0.545934231,0.539934231,0.557934231,0.501934231
